AHOY MATEY,COTTON,NIJO,PO# 2.22.17P,100,2/28/17,2/28/17,,,,,,0,0,0,,COTTON
AIM,COTTON,NIJO,PO# 2.22.17P,112.7,2/6/17,2/6/17,,,,,,0,0,0,,TWILL
AIM,COTTON,NIJO,PO#3.16.17,123.6,2/6/17,2/6/17,,,,,,0,0,0,,TWILL
AIM,COTTON,NIJO,PO# 4.18.17P,476.8,2/6/17,2/6/17,,,,,,0,0,0,,TWILL
AIM,COTTON,NIJO,STOCK,44.8,2/6/17,2/6/17,,,1725,,,0,-1,-1,,TWILL
AIM,COTTON,NIJO,STOCK,60,2/6/17,2/6/17,,,1726,,,0,-1,-1,,TWILL
AIM,COTTON,NIJO,STOCK,60,2/6/17,2/6/17,,,1727,,,0,-1,-1,,TWILL
AIM,COTTON,NIJO,STOCK,60,2/6/17,2/6/17,,,1728,,,0,-1,-1,,TWILL
AIM,COTTON,NIJO,STOCK,60,2/6/17,2/6/17,,,1729,,,0,-1,-1,,TWILL
AIM,COTTON,NIJO,STOCK,60,2/6/17,2/6/17,,,1730,,,0,-1,-1,,TWILL
AIM,COTTON,NIJO,STOCK,60,2/6/17,2/6/17,,,1731,,,0,-1,-1,,TWILL
AIM,COTTON,NIJO,STOCK,60,2/6/17,2/6/17,,,1732,,,0,-1,-1,,TWILL
AIM,COTTON,NIJO,STOCK,60,2/6/17,2/6/17,,,1733,,,0,-1,-1,,TWILL
AQUA SPLASH,COTTON,NIJO,STOCK,11.07,2/6/17,2/6/17,,,165001,,,0,-1,-1,,SWIM
AQUA SPLASH,COTTON,NIJO,STOCK,189.2,2/6/17,2/6/17,,,165002,,,0,-1,-1,,SWIM
AQUA SPLASH,COTTON,NIJO,STOCK,214.35,2/6/17,2/6/17,,,165003,,,0,-1,-1,,SWIM
AQUA SPLASH,COTTON,NIJO,STOCK,187.01,2/6/17,2/6/17,,,165004,,,0,-1,-1,,SWIM
AQUA SWIRL,COTTON,NIJO,PO#1.16.17P,17,2/6/17,2/6/17,,,,,,0,0,0,,COTTON
AQUA SWIRL,COTTON,NIJO,PO# 2.22.17P,77.9,2/6/17,2/27/17,,,,,,0,0,0,,COTTON
AQUA SWIRL,COTTON,NIJO,PO#3.16.17,93.1,2/27/17,2/27/17,,,,,,0,0,0,,COTTON
AQUA SWIRL,COTTON,NIJO,PO# 4.18.17P,43.5,2/27/17,2/27/17,,,,,,0,0,0,,COTTON
AQUA SWIRL,COTTON,NIJO,STOCK,23.9,2/27/17,2/27/17,,,6014,,,0,-1,-1,,COTTON
AQUA SWIRL,COTTON,NIJO,STOCK,120,2/27/17,2/27/17,,,6015,,,0,-1,-1,,COTTON
AQUA SWIRL,COTTON,NIJO,STOCK,120,2/27/17,2/27/17,,,6016,,,0,-1,-1,,COTTON
AQUA SWIRL,COTTON,NIJO,STOCK,116,2/27/17,2/27/17,,,6017,,,0,-1,-1,,COTTON
AQUA SWIRL,COTTON,NIJO,STOCK,120,2/27/17,2/27/17,,,6018,,,0,-1,-1,,COTTON
AQUARIUS TWILL,COTTON,NIJO,PO# 4.18.17P,102.5,2/6/17,2/6/17,,,,,,0,0,0,,TWILL
AQUARIUS TWILL,COTTON,NIJO,STOCK,28.7,2/6/17,2/6/17,,,4708,,,0,-1,-1,,TWILL
AQUARIUS TWILL,COTTON,NIJO,STOCK,60,2/6/17,2/6/17,,,4709,,,0,-1,-1,,TWILL
AQUARIUS TWILL,COTTON,NIJO,STOCK,60,2/6/17,2/6/17,,,4710,,,0,-1,-1,,TWILL
AQUARIUS TWILL,COTTON,NIJO,STOCK,60,2/6/17,2/6/17,,,4711,,,0,-1,-1,,TWILL
AQUARIUS TWILL,COTTON,NIJO,STOCK,60,2/6/17,2/6/17,,,4712,,,0,-1,-1,,TWILL
AQUARIUS TWILL,COTTON,NIJO,STOCK,60,2/6/17,2/6/17,,,4713,,,0,-1,-1,,TWILL
AQUARIUS TWILL,COTTON,NIJO,STOCK,60,2/6/17,2/6/17,,,4714,,,0,-1,-1,,TWILL
AQUARIUS TWILL,COTTON,NIJO,STOCK,60,2/6/17,2/6/17,,,4715,,,0,-1,-1,,TWILL
AQUARIUS TWILL,COTTON,NIJO,STOCK,60,2/6/17,2/6/17,,,4716,,,0,-1,-1,,TWILL
AQUARIUS TWILL,COTTON,NIJO,STOCK,60,2/6/17,2/6/17,,,4717,,,0,-1,-1,,TWILL
ART DECO,COTTON,NIJO,PO#1.16.17P,16.3,2/6/17,2/6/17,,,,,,0,0,0,,COTTON
ART DECO,COTTON,NIJO,PO#3.16.17,35.5,2/27/17,2/27/17,,,,,,0,0,0,,COTTON
ART DECO,COTTON,NIJO,PO# 4.18.17P,22.1,2/27/17,2/27/17,,,,,,0,0,0,,COTTON
ART DECO,COTTON,NIJO,STOCK,20.4,2/27/17,2/27/17,,,7058,,,0,-1,-1,,COTTON
ART DECO,COTTON,NIJO,STOCK,36,2/27/17,2/27/17,,,7059,,,0,-1,-1,,COTTON
ART DECO,COTTON,NIJO,STOCK,58,2/27/17,2/27/17,,,7060,,,0,-1,-1,,COTTON
ART DECO,COTTON,NIJO,STOCK,54,2/27/17,2/27/17,,,7061,,,0,-1,-1,,COTTON
ART DECO,COTTON,NIJO,STOCK,49,2/27/17,2/27/17,,,7062,,,0,-1,-1,,COTTON
ART DECO,COTTON,NIJO,STOCK,42,2/27/17,2/27/17,,,7063,,,0,-1,-1,,COTTON
ART DECO,COTTON,NIJO,STOCK,35,2/27/17,2/27/17,,,7064,,,0,-1,-1,,COTTON
AVENTURE,FLANNEL,NIJO,PO#1.16.17P,27.7,2/6/17,2/6/17,,,,,,0,0,0,,FLANNEL
AVOCADO,LINER,NIJO,PO# 4.18.17P,15.1,2/6/17,2/6/17,,,,,,0,0,0,,PUL
AVOCADO,LINER,NIJO,PO#3.16.17,23.8,2/6/17,2/6/17,,,,,,0,0,0,,PUL
AVOCADO,LINER,NIJO,STOCK,19.6,2/6/17,2/6/17,,,14275,,,0,-1,-1,,PUL
AVOCADO,LINER,NIJO,STOCK,100,2/6/17,2/6/17,,,14276,,,0,-1,-1,,PUL
AVOCADO,LINER,NIJO,STOCK,100,2/6/17,2/6/17,,,14277,,,0,-1,-1,,PUL
AVOCADO,LINER,NIJO,STOCK,100,2/6/17,2/6/17,,,14278,,,0,-1,-1,,PUL
AVOCADO,LINER,NIJO,STOCK,100,2/6/17,2/6/17,,,14279,,,0,-1,-1,,PUL
AVOCADO,LINER,NIJO,STOCK,100,5/2/17,5/2/17,,,14201,,,0,-1,-1,,PUL
AVOCADO,LINER,NIJO,STOCK,100,5/2/17,5/2/17,,,14202,,,0,-1,-1,,PUL
AVOCADO,LINER,NIJO,STOCK,100,5/2/17,5/2/17,,,14203,,,0,-1,-1,,PUL
BABY BLUE,LINER,NIJO,PO# 4.18.17P,133.2,2/6/17,2/6/17,,,,,,0,0,0,,PUL
BABY BLUE,LINER,NIJO,PO#3.16.17,6.8,2/6/17,2/6/17,,,,,,0,0,0,,PUL
BABY BLUE,LINER,NIJO,STOCK,73.4,2/6/17,2/6/17,,,16209,,,0,-1,-1,,PUL
BABY BLUE,LINER,NIJO,STOCK,100,5/2/17,5/2/17,,,16210,,,0,-1,-1,,PUL
BABY PINK,LINER,NIJO,PO# 4.18.17P,134.95,2/6/17,5/2/17,,,,,,0,0,0,,PUL
BABY PINK,LINER,NIJO,STOCK,98.2,5/2/17,5/2/17,,,5211,,,0,-1,-1,,PUL
BABY PINK,LINER,NIJO,STOCK,100,5/2/17,5/2/17,,,5212,,,0,-1,-1,,PUL
BABY PINK FLANNEL,FLANNEL,NIJO,PO#1.16.17P,36.7,2/6/17,2/6/17,,,,,,0,0,0,,FLANNEL
BB CLOTHS,COTTON,NIJO,STOCK,30,5/25/17,5/25/17,,,19001,,,0,-1,-1,,COTTON
BLACK,COTTON,NIJO,PO# 2.22.17P,84.8,2/6/17,2/27/17,,,,,,0,0,0,,COTTON
BLACK,COTTON,NIJO,PO#1.16.17P,28.6,2/6/17,2/6/17,,,,,,0,0,0,,COTTON
BLACK,COTTON,NIJO,PO#3.16.17,101.5,2/27/17,3/22/17,,,,,,0,0,0,,COTTON
BLACK,COTTON,NIJO,PO# 4.18.17P,209.2,3/22/17,3/22/17,,,,,,0,0,0,,COTTON
BLACK,COTTON,NIJO,STOCK,81.8,3/22/17,3/22/17,,,10003,,,0,-1,-1,,COTTON
BLACK,COTTON,NIJO,STOCK,100,3/22/17,3/22/17,,,10004,,,0,-1,-1,,COTTON
BLACK,COTTON,NIJO,STOCK,100,5/25/17,5/25/17,,,10005,,,0,-1,-1,,COTTON
BLACK,COTTON,NIJO,STOCK,100,5/25/17,5/25/17,,,10006,,,0,-1,-1,,COTTON
BLACK,COTTON,NIJO,STOCK,100,5/25/17,5/25/17,,,10007,,,0,-1,-1,,COTTON
BLACK,COTTON,NIJO,STOCK,100,5/25/17,5/25/17,,,10008,,,0,-1,-1,,COTTON
BLACK LINER,LINER,NIJO,PO#1.16.17P,115.1,2/6/17,2/6/17,,,,,,0,0,0,,PUL
BLACK LINER,LINER,NIJO,PO# 2.22.17P,68.2,2/6/17,2/6/17,,,,,,0,0,0,,PUL
BLACK LINER,LINER,NIJO,PO#3.16.17,186.8,2/6/17,2/6/17,,,,,,0,0,0,,PUL
BLACK LINER,LINER,NIJO,PO# 4.18.17P,231.7,2/6/17,3/27/17,,,,,,0,0,0,,PUL
BLACK LINER,LINER,NIJO,PO# 4.6.17P,7.7,2/6/17,2/6/17,,,,,,0,0,0,,PUL
BLACK LINER,LINER,NIJO,STOCK,88,3/27/17,3/27/17,,,9203,,,0,-1,-1,,PUL
BLACK LINER,LINER,NIJO,STOCK,100,3/27/17,3/27/17,,,9204,,,0,-1,-1,,PUL
BLACK LINER,LINER,NIJO,STOCK,100,5/2/17,5/2/17,,,9205,,,0,-1,-1,,PUL
BLACK LINER,LINER,NIJO,STOCK,100,5/2/17,5/2/17,,,9206,,,0,-1,-1,,PUL
BLACK LINER,LINER,NIJO,STOCK,100,5/2/17,5/2/17,,,9207,,,0,-1,-1,,PUL
BLACK LINER,LINER,NIJO,STOCK,75,5/2/17,5/2/17,,,9208,,,0,-1,-1,,PUL
BLACK NYLON,NYLON,NIJO,STOCK,100,2/6/17,2/6/17,,,1501,,,0,-1,-1,,NYLON
BLUE GIRAFFE,LINER,NIJO,PO# 2.22.17P,3.3,2/6/17,2/6/17,,,,,,0,0,0,,PUL
BLUE GIRAFFE,LINER,NIJO,PO#1.16.17P,4.1,2/6/17,2/6/17,,,,,,0,0,0,,PUL
BLUE GIRAFFE,LINER,NIJO,PO#3.16.17,38.7,2/6/17,2/6/17,,,,,,0,0,0,,PUL
BLUE GIRAFFE,LINER,NIJO,PO# 4.18.17P,149.2,2/6/17,2/6/17,,,,,,0,0,0,,PUL
BLUE GIRAFFE,LINER,NIJO,STOCK,21.8,2/6/17,2/6/17,,,29227,,,0,-1,-1,,PUL
BLUE GIRAFFE,LINER,NIJO,STOCK,50,2/28/17,2/28/17,,,29228,,,0,-1,-1,,PUL
BLUE HAWAII,COTTON,NIJO,STOCK,5,2/6/17,2/6/17,,,132001,,,0,-1,-1,,COTTON
BLUE HAWAII,COTTON,NIJO,STOCK,125,2/6/17,2/6/17,,,132002,,,0,-1,-1,,COTTON
BLUE HAWAII,COTTON,NIJO,STOCK,96,2/6/17,2/6/17,,,132003,,,0,-1,-1,,COTTON
BLUE HAWAII,COTTON,NIJO,STOCK,114.5,2/6/17,2/6/17,,,132004,,,0,-1,-1,,COTTON
BLUE HAWAII,COTTON,NIJO,STOCK,125.01,2/6/17,2/6/17,,,132005,,,0,-1,-1,,COTTON
BLUEBERRY,JERSEY,NIJO,PO#3.16.17,55.4,2/6/17,2/6/17,,,,,,0,0,0,,COTTON
BLUEBERRY,JERSEY,NIJO,PO# 4.18.17P,15,2/6/17,2/6/17,,,,,,0,0,0,,COTTON
BLUEBERRY,JERSEY,NIJO,STOCK,59.8,2/6/17,2/6/17,,,5427,,,0,-1,-1,,COTTON
BLUEBERRY,JERSEY,NIJO,STOCK,66,2/6/17,2/6/17,,,5428,,,0,-1,-1,,COTTON
BLUEBERRY,JERSEY,NIJO,STOCK,67,2/6/17,2/6/17,,,5429,,,0,-1,-1,,COTTON
BLUEBERRY,JERSEY,NIJO,STOCK,70,2/6/17,2/6/17,,,5430,,,0,-1,-1,,COTTON
BLUEBERRY,JERSEY,NIJO,STOCK,67,2/6/17,2/6/17,,,5431,,,0,-1,-1,,COTTON
BOTTLECAPS,COTTON,NIJO,STOCK,52.08,2/6/17,2/6/17,,,103001,,,0,-1,-1,,COTTON
BRAWNY BEARS,COTTON,NIJO,STOCK,120,5/25/17,5/25/17,,,15001,,,0,-1,-1,,COTTON
BRAWNY BEARS,COTTON,NIJO,STOCK,70,5/25/17,5/25/17,,,15002,,,0,-1,-1,,COTTON
BRONZE POPPIES,COTTON,NIJO,STOCK,57.35,2/6/17,2/6/17,,,105011,,,0,-1,-1,,COTTON
BRONZE POPPIES,COTTON,NIJO,STOCK,130,2/6/17,2/6/17,,,105012,,,0,-1,-1,,COTTON
BRONZE POPPIES,COTTON,NIJO,STOCK,117,2/6/17,2/6/17,,,105013,,,0,-1,-1,,COTTON
BRONZE POPPIES,COTTON,NIJO,STOCK,141,2/6/17,2/6/17,,,105014,,,0,-1,-1,,COTTON
BRONZE POPPIES,COTTON,NIJO,STOCK,99,2/6/17,2/6/17,,,105015,,,0,-1,-1,,COTTON
BRONZE POPPIES,COTTON,NIJO,STOCK,150,2/6/17,2/6/17,,,105016,,,0,-1,-1,,COTTON
BRONZE POPPIES,COTTON,NIJO,STOCK,110,2/6/17,2/6/17,,,105017,,,0,-1,-1,,COTTON
BROWN,LINER,NIJO,PO# 2.22.17P,183.4,2/6/17,2/6/17,,,,,,0,0,0,,PUL
BROWN,LINER,NIJO,PO#1.16.17P,21.1,2/6/17,2/6/17,,,,,,0,0,0,,PUL
BROWN,LINER,NIJO,PO#3.16.17,62.7,2/6/17,2/6/17,,,,,,0,0,0,,PUL
BROWN,LINER,NIJO,PO# 4.18.17P,29.7,2/6/17,2/6/17,,,,,,0,0,0,,PUL
BROWN,LINER,NIJO,STOCK,60.6,2/6/17,2/6/17,,,15211,,,0,-1,-1,,PUL
BROWN,LINER,NIJO,STOCK,100,3/27/17,3/27/17,,,15201,,,0,-1,-1,,PUL
BROWN,LINER,NIJO,STOCK,100,3/27/17,3/27/17,,,15202,,,0,-1,-1,,PUL
BROWN,LINER,NIJO,STOCK,100,5/2/17,5/2/17,,,15203,,,0,-1,-1,,PUL
BROWN,LINER,NIJO,STOCK,89,5/2/17,5/2/17,,,15204,,,0,-1,-1,,PUL
BROWN DOTS,COTTON,NIJO,PO#1.16.17P,4.7,2/6/17,2/6/17,,,,,,0,0,0,,COTTON
BROWN DOTS,COTTON,NIJO,STOCK,37.21,2/6/17,2/6/17,,,127001,,,0,-1,-1,,COTTON
BROWN NYLON,NYLON,NIJO,STOCK,30.08,2/6/17,2/6/17,,,4501,,,0,-1,-1,,NYLON
BUBBLE GUM,FLANNEL,NIJO,PO#1.16.17P,30.08,2/6/17,2/6/17,,,,,,0,0,0,,FLANNEL
BURLY BEAVERS,COTTON,NIJO,PO#1.16.17P,6.2,2/6/17,2/6/17,,,,,,0,0,0,,COTTON
BUTTER,LINER,NIJO,PO# 2.22.17P,148.9,2/6/17,2/6/17,,,,,,0,0,0,,PUL
BUTTER,LINER,NIJO,STOCK,44.1,2/6/17,2/6/17,,,7202,,,0,-1,-1,,PUL
BUTTER,LINER,NIJO,STOCK,100,3/27/17,3/27/17,,,7203,,,0,-1,-1,,PUL
CAMO,COTTON,NIJO,PO# 2.22.17P,13.6,2/6/17,2/6/17,,,,,,0,0,0,,COTTON
CAMO,COTTON,NIJO,PO# 4.18.17P,8,2/6/17,2/6/17,,,,,,0,0,0,,COTTON
CAMO,COTTON,NIJO,PO#3.16.17,39.3,2/6/17,2/6/17,,,,,,0,0,0,,COTTON
CAMO,COTTON,NIJO,STOCK,94.3,2/6/17,2/6/17,,,143014,,,0,-1,-1,,COTTON
CAMO,COTTON,NIJO,STOCK,100,2/6/17,2/6/17,,,143015,,,0,-1,-1,,COTTON
CAMO,COTTON,NIJO,STOCK,100,2/6/17,2/6/17,,,143016,,,0,-1,-1,,COTTON
CAMO,COTTON,NIJO,STOCK,86,2/6/17,2/6/17,,,143017,,,0,-1,-1,,COTTON
CAMO,COTTON,NIJO,STOCK,116,2/6/17,2/6/17,,,143018,,,0,-1,-1,,COTTON
CAMO,COTTON,NIJO,STOCK,100,2/6/17,2/6/17,,,143019,,,0,-1,-1,,COTTON
CAMO,COTTON,NIJO,STOCK,100,2/6/17,2/6/17,,,143020,,,0,-1,-1,,COTTON
CAMO LINER,LINER,NIJO,PO# 2.22.17P,6.9,2/6/17,2/6/17,,,,,,0,0,0,,PUL
CAMO LINER,LINER,NIJO,PO#1.16.17P,16.8,2/6/17,2/6/17,,,,,,0,0,0,,PUL
CAMO LINER,LINER,NIJO,PO#3.16.17,45.4,2/6/17,2/6/17,,,,,,0,0,0,,PUL
CAMO LINER,LINER,NIJO,STOCK,13.6,2/6/17,2/6/17,,,38216,,,0,-1,-1,,PUL
CAMO LINER,LINER,NIJO,STOCK,100,2/6/17,2/6/17,,,38217,,,0,-1,-1,,PUL
CAMO LINER,LINER,NIJO,STOCK,100,2/6/17,2/6/17,,,38218,,,0,-1,-1,,PUL
CAMO LINER,LINER,NIJO,STOCK,100,2/6/17,2/6/17,,,38219,,,0,-1,-1,,PUL
CAMO LINER,LINER,NIJO,STOCK,100,2/6/17,2/6/17,,,38220,,,0,-1,-1,,PUL
CAMO LINER,LINER,NIJO,STOCK,100,2/6/17,2/6/17,,,38221,,,0,-1,-1,,PUL
CAMO LINER,LINER,NIJO,STOCK,100,2/6/17,2/6/17,,,38222,,,0,-1,-1,,PUL
CAMO LINER,LINER,NIJO,STOCK,100,2/6/17,2/6/17,,,38223,,,0,-1,-1,,PUL
CAMO LINER,LINER,NIJO,STOCK,100,2/6/17,2/6/17,,,38224,,,0,-1,-1,,PUL
CAMO LINER,LINER,NIJO,STOCK,100,2/6/17,2/6/17,,,38225,,,0,-1,-1,,PUL
CAMO SLICKER,SLICKER,NIJO,STOCK,20.8,2/6/17,2/6/17,,,8601,,,0,-1,-1,,SLICKER
CAMO SLICKER,SLICKER,NIJO,STOCK,40,2/6/17,2/6/17,,,8602,,,0,-1,-1,,SLICKER
CAMO SLICKER,SLICKER,NIJO,STOCK,80,2/6/17,2/6/17,,,8603,,,0,-1,-1,,SLICKER
CAMPING,LINER,NIJO,STOCK,1.2,2/6/17,2/6/17,,,51201,,,0,-1,-1,,PUL
CARIBOO BLOOM,COTTON,NIJO,PO#1.16.17P,12.5,2/6/17,2/6/17,,,,,,0,0,0,,COTTON
CARIBOO BLOOM,COTTON,NIJO,PO# 2.22.17P,21.9,2/10/17,2/10/17,,,,,,0,0,0,,COTTON
CARIBOO BLOOM,COTTON,NIJO,PO#3.16.17,59.3,2/10/17,2/10/17,,,,,,0,0,0,,COTTON
CARIBOO BLOOM,COTTON,NIJO,PO# 4.18.17P,402.3,2/10/17,4/6/17,,,,,,0,0,0,,COTTON
CARIBOO BLOOM,COTTON,NIJO,STOCK,10.7,4/6/17,4/6/17,,,175021,,,0,-1,-1,,COTTON
CARIBOO BLOOM,COTTON,NIJO,STOCK,54,4/6/17,4/6/17,,,175022,,,0,-1,-1,,COTTON
CARIBOO BLOOM,COTTON,NIJO,STOCK,60,4/6/17,4/6/17,,,175023,,,0,-1,-1,,COTTON
CARIBOO BLOOM,COTTON,NIJO,STOCK,50,4/6/17,4/6/17,,,175024,,,0,-1,-1,,COTTON
CARIBOO BLOOM,COTTON,NIJO,STOCK,57,4/6/17,4/6/17,,,175025,,,0,-1,-1,,COTTON
CARIBOO BLOOM,COTTON,NIJO,STOCK,58,4/6/17,4/6/17,,,175026,,,0,-1,-1,,COTTON
CARIBOO BLOOM,COTTON,NIJO,STOCK,120,4/6/17,4/6/17,,,175027,,,0,-1,-1,,COTTON
CARIBOO BLOOM,COTTON,NIJO,STOCK,120,4/6/17,4/6/17,,,175028,,,0,-1,-1,,COTTON
CARIBOO BLOOM,COTTON,NIJO,STOCK,129,4/6/17,4/6/17,,,175029,,,0,-1,-1,,COTTON
CARIBOO BLOOM,COTTON,NIJO,STOCK,120,4/6/17,4/6/17,,,175030,,,0,-1,-1,,COTTON
CARIBOO BLOOM,COTTON,NIJO,STOCK,28,4/6/17,4/6/17,,,175031,,,0,-1,-1,,COTTON
CELERY,LINER,NIJO,PO# 4.18.17P,144.5,2/6/17,2/6/17,,,,,,0,0,0,,PUL
CELERY,LINER,NIJO,STOCK,29.3,2/6/17,2/6/17,,,11219,,,0,-1,-1,,PUL
CELERY,LINER,NIJO,STOCK,100,5/2/17,5/2/17,,,11220,,,0,-1,-1,,PUL
CELERY,LINER,NIJO,STOCK,100,5/2/17,5/2/17,,,11221,,,0,-1,-1,,PUL
CELESTIAL SEA CANVAS,COTTON,NIJO,STOCK,44.84,4/21/17,4/21/17,,,75201,,,0,-1,-1,,CANVAS
CELESTIAL SEA CANVAS,COTTON,NIJO,STOCK,107.17,4/21/17,4/21/17,,,75202,,,0,-1,-1,,CANVAS
CELESTIAL SEA CANVAS,COTTON,NIJO,STOCK,106.08,4/21/17,4/21/17,,,75203,,,0,-1,-1,,CANVAS
CELESTIAL SEA CANVAS,COTTON,NIJO,STOCK,108.27,4/21/17,4/21/17,,,75204,,,0,-1,-1,,CANVAS
CELESTIAL SEA CANVAS,COTTON,NIJO,STOCK,109.36,4/21/17,4/21/17,,,75205,,,0,-1,-1,,CANVAS
CELESTIAL SEA CANVAS,COTTON,NIJO,STOCK,109.36,4/21/17,4/21/17,,,75206,,,0,-1,-1,,CANVAS
CELESTIAL SEA CANVAS,COTTON,NIJO,STOCK,107.17,4/21/17,4/21/17,,,75207,,,0,-1,-1,,CANVAS
CELESTIAL SEA CANVAS,COTTON,NIJO,STOCK,107.17,4/21/17,4/21/17,,,75208,,,0,-1,-1,,CANVAS
CELESTIAL SEA CANVAS,COTTON,NIJO,STOCK,108.27,4/21/17,4/21/17,,,75209,,,0,-1,-1,,CANVAS
CELESTIAL SEA CANVAS,COTTON,NIJO,STOCK,118.11,4/21/17,4/21/17,,,75210,,,0,-1,-1,,CANVAS
CELESTIAL SEA CANVAS,COTTON,NIJO,STOCK,54.68,4/21/17,4/21/17,,,8701,,,0,-1,-1,,CANVAS
CELESTIAL SEA CANVAS,COTTON,NIJO,STOCK,109.36,4/21/17,4/21/17,,,8702,,,0,-1,-1,,CANVAS
CELESTIAL SEA CANVAS,COTTON,NIJO,STOCK,104.98,4/21/17,4/21/17,,,8703,,,0,-1,-1,,CANVAS
CELESTIAL SEA CANVAS,COTTON,NIJO,STOCK,122.48,4/21/17,4/21/17,,,8704,,,0,-1,-1,,CANVAS
CELESTIAL SEA CANVAS,COTTON,NIJO,STOCK,111.55,4/21/17,4/21/17,,,8705,,,0,-1,-1,,CANVAS
CELTIC,LINER,NIJO,PO#1.16.17P,52.5,2/9/17,2/9/17,,,,,,0,0,0,,PUL
CELTIC,LINER,NIJO,PO# 2.17.17P,26.7,2/21/17,2/21/17,,,,,,0,0,0,,PUL
CHICK A DEES,COTTON,NIJO,PO# 2.22.17P,2,2/6/17,2/6/17,,,,,,0,0,0,,COTTON
CHICK A DEES,COTTON,NIJO,PO# 4.18.17P,12.1,2/6/17,2/6/17,,,,,,0,0,0,,COTTON
CHICK A DEES,COTTON,NIJO,PO#1.16.17P,4,2/6/17,2/6/17,,,,,,0,0,0,,COTTON
CHICK A DEES,COTTON,NIJO,STOCK,0.5,2/6/17,2/6/17,,,21001,,,0,-1,-1,,COTTON
CHICK A DEES,COTTON,NIJO,STOCK,120,2/6/17,2/6/17,,,21002,,,0,-1,-1,,COTTON
CHICK PETUNIA,COTTON,NIJO,PO#3.16.17,1,2/6/17,2/6/17,,,,,,0,0,0,,COTTON
CHICK PETUNIA,COTTON,NIJO,STOCK,15.31,2/6/17,2/6/17,,,20020,,,0,-1,-1,,COTTON
CHICK PETUNIA,COTTON,NIJO,STOCK,128,2/6/17,2/6/17,,,20021,,,0,-1,-1,,COTTON
CHICK PETUNIA,COTTON,NIJO,STOCK,96,2/6/17,2/6/17,,,20022,,,0,-1,-1,,COTTON
CHICK PETUNIA,COTTON,NIJO,STOCK,118,2/6/17,2/6/17,,,20023,,,0,-1,-1,,COTTON
CHICK PETUNIA,COTTON,NIJO,STOCK,125,2/6/17,2/6/17,,,20024,,,0,-1,-1,,COTTON
CHICK PETUNIA,COTTON,NIJO,STOCK,123,2/6/17,2/6/17,,,20025,,,0,-1,-1,,COTTON
CHICK PETUNIA,COTTON,NIJO,STOCK,124,2/6/17,2/6/17,,,20026,,,0,-1,-1,,COTTON
CHICK PETUNIA,COTTON,NIJO,STOCK,37,2/6/17,2/6/17,,,20027,,,0,-1,-1,,COTTON
CHOCOLATE,COTTON,NIJO,STOCK,23.6,2/6/17,2/6/17,,,22012,,,0,-1,-1,,COTTON
CITY SQUARES,COTTON,NIJO,STOCK,30,5/11/17,5/11/17,,,60001,,,0,-1,-1,,COTTON
COCONUT,JERSEY,NIJO,PO#1.16.17P,6.3,2/6/17,2/6/17,,,,,,0,0,0,,COTTON
COCONUT,JERSEY,NIJO,PO# 4.18.17P,8.1,2/6/17,2/6/17,,,,,,0,0,0,,COTTON
COCONUT,JERSEY,NIJO,PO#3.16.17,31.2,2/6/17,2/6/17,,,,,,0,0,0,,COTTON
COCONUT,JERSEY,NIJO,STOCK,23.4,2/6/17,2/6/17,,,2413,,,0,-1,-1,,COTTON
COCONUT,JERSEY,NIJO,STOCK,70,2/6/17,2/6/17,,,2414,,,0,-1,-1,,COTTON
COCONUT,JERSEY,NIJO,STOCK,64,2/6/17,2/6/17,,,2415,,,0,-1,-1,,COTTON
COCONUT,JERSEY,NIJO,STOCK,53,2/6/17,2/6/17,,,2416,,,0,-1,-1,,COTTON
COCONUT,JERSEY,NIJO,STOCK,58,2/6/17,2/6/17,,,2417,,,0,-1,-1,,COTTON
COCONUT,JERSEY,NIJO,STOCK,70,2/6/17,2/6/17,,,2418,,,0,-1,-1,,COTTON
COCONUT,JERSEY,NIJO,STOCK,70,2/6/17,2/6/17,,,2419,,,0,-1,-1,,COTTON
COCONUT,JERSEY,NIJO,STOCK,69,2/6/17,2/6/17,,,2420,,,0,-1,-1,,COTTON
CONSTELLATION,LINER,NIJO,PO# 2.22.17P,16.7,2/22/17,2/22/17,,,,,,0,0,0,,PUL
CONSTELLATION,LINER,NIJO,STOCK,32.3,2/22/17,2/22/17,,,70201,,,0,0,0,,PUL
CRANBERRY,LINER,NIJO,PO# 4.18.17P,131.9,2/6/17,2/6/17,,,,,,0,0,0,,PUL
CRANBERRY,LINER,NIJO,STOCK,90.05,2/6/17,2/6/17,,,40212,,,0,-1,-1,,PUL
CRANBERRY,LINER,NIJO,STOCK,100,2/6/17,2/6/17,,,40213,,,0,-1,-1,,PUL
CURRENT STRIPE,COTTON,NIJO,PO# 4.18.17P,58.4,5/11/17,5/11/17,,,,,,0,0,0,,COTTON
CURRENT STRIPE,COTTON,NIJO,STOCK,0.2,5/11/17,5/11/17,,,66003,,,0,-1,-1,,COTTON
CUSTOM,COTTON,NIJO,PO#1.16.17P,130,2/9/17,2/10/17,,,,,,0,0,0,,TWILL
CUSTOM HEART,LINER,NIJO,STOCK,25,2/6/17,2/6/17,,,68200,,,0,-1,-1,,PUL
DARK GREEN,COTTON,NIJO,STOCK,113.8,2/6/17,2/6/17,,,152001,,,0,-1,-1,,COTTON
DARK PINK,COTTON,NIJO,STOCK,112.1,2/6/17,2/6/17,,,151001,,,0,-1,-1,,COTTON
EARTH CHEVRON,COTTON,NIJO,PO# 4.6.17P,36,3/22/17,3/22/17,,,,,,0,0,0,,COTTON
EARTH CHEVRON,COTTON,NIJO,PO#3.16.17,11.2,3/22/17,3/22/17,,,,,,0,0,0,,COTTON
EARTH CHEVRON,COTTON,NIJO,STOCK,72.8,3/22/17,3/22/17,,,200001,,,0,-1,-1,,COTTON
EARTH STRIPES,COTTON,NIJO,PO#1.16.17P,32.1,2/6/17,2/6/17,,,,,,0,0,0,,COTTON
EARTH STRIPES,COTTON,NIJO,STOCK,0.8,2/6/17,2/6/17,,,28012,,,0,-1,-1,,COTTON
FIESTA,COTTON,NIJO,STOCK,72.61,2/6/17,2/6/17,,,29014,,,0,-1,-1,,COTTON
FIESTA,COTTON,NIJO,STOCK,54,2/6/17,2/6/17,,,29015,,,0,-1,-1,,COTTON
FIESTA,COTTON,NIJO,STOCK,51,2/6/17,2/6/17,,,29016,,,0,-1,-1,,COTTON
FIESTA,COTTON,NIJO,STOCK,21,2/6/17,2/6/17,,,29017,,,0,-1,-1,,COTTON
FIESTA,COTTON,NIJO,STOCK,122,2/6/17,2/6/17,,,29018,,,0,-1,-1,,COTTON
FIESTA,COTTON,NIJO,STOCK,91,2/6/17,2/6/17,,,29019,,,0,-1,-1,,COTTON
FIESTA,COTTON,NIJO,STOCK,88,2/6/17,2/6/17,,,29020,,,0,-1,-1,,COTTON
FIESTA,COTTON,NIJO,STOCK,120,2/6/17,2/6/17,,,29021,,,0,-1,-1,,COTTON
FIESTA,COTTON,NIJO,STOCK,102,2/6/17,2/6/17,,,29022,,,0,-1,-1,,COTTON
FIESTA,COTTON,NIJO,STOCK,100,2/6/17,2/6/17,,,29023,,,0,-1,-1,,COTTON
FIESTA,COTTON,NIJO,STOCK,46,2/6/17,2/6/17,,,29024,,,0,-1,-1,,COTTON
FLAME,COTTON,NIJO,PO# 2.22.17P,16.5,2/6/17,2/6/17,,,,,,0,0,0,,COTTON
FLAME,COTTON,NIJO,PO#3.16.17,15.8,2/6/17,2/6/17,,,,,,0,0,0,,COTTON
FLAME,COTTON,NIJO,STOCK,39.7,2/6/17,2/6/17,,,30009,,,0,-1,-1,,COTTON
FLAME,COTTON,NIJO,STOCK,60,2/6/17,2/6/17,,,30010,,,0,-1,-1,,COTTON
FLAME,COTTON,NIJO,STOCK,60,2/6/17,2/6/17,,,30011,,,0,-1,-1,,COTTON
FLAME,COTTON,NIJO,STOCK,43,2/6/17,2/6/17,,,30012,,,0,-1,-1,,COTTON
FLAME,COTTON,NIJO,STOCK,125,2/6/17,2/6/17,,,30013,,,0,-1,-1,,COTTON
FLIRTY FLOWERS,SLICKER,NIJO,STOCK,39.82,2/6/17,2/6/17,,,3601,,,0,-1,-1,,SLICKER
FLIRTY FLOWERS,SLICKER,NIJO,STOCK,85,2/6/17,2/6/17,,,3602,,,0,-1,-1,,SLICKER
FLOAT,LINER,NIJO,PO#3.16.17,1.3,2/28/17,2/28/17,,,,,,0,0,0,,PUL
FLOAT,LINER,NIJO,STOCK,48.7,2/28/17,2/28/17,,,52200,,,0,-1,-1,,PUL
FLOWERS,COTTON,NIJO,STOCK,107.73,2/6/17,2/6/17,,,118001,,,0,-1,-1,,SWIM
FLOWERS,COTTON,NIJO,STOCK,237.18,2/6/17,2/6/17,,,118002,,,0,-1,-1,,SWIM
FLOWERS,COTTON,NIJO,STOCK,173,2/6/17,2/6/17,,,118003,,,0,-1,-1,,SWIM
FLOWERS,COTTON,NIJO,STOCK,114,2/6/17,2/6/17,,,118004,,,0,-1,-1,,SWIM
FLOWERS,COTTON,NIJO,STOCK,173,2/6/17,2/6/17,,,118005,,,0,-1,-1,,SWIM
FLOWERS,COTTON,NIJO,STOCK,170,2/6/17,2/6/17,,,118006,,,0,-1,-1,,SWIM
FLOWERS,COTTON,NIJO,STOCK,181.54,2/6/17,2/6/17,,,118007,,,0,-1,-1,,SWIM
FLOWERS,COTTON,NIJO,STOCK,138.89,2/6/17,2/6/17,,,118008,,,0,-1,-1,,SWIM
FLOWERS,COTTON,NIJO,STOCK,246.06,2/6/17,2/6/17,,,118009,,,0,-1,-1,,SWIM
FLOWERS,COTTON,NIJO,STOCK,56.87,2/6/17,2/6/17,,,118010,,,0,-1,-1,,SWIM
FOREST FELLOWS,COTTON,NIJO,PO#1.16.17P,2,2/6/17,2/6/17,,,,,,0,0,0,,COTTON
FORREST ANIMALS,COTTON,NIJO,PO#3.16.17,0.9,3/22/17,3/22/17,,,,,,0,0,0,,COTTON
FORREST ANIMALS,COTTON,NIJO,STOCK,78.1,3/22/17,3/22/17,,,172001,,,0,-1,-1,,COTTON
FORREST ANIMALS,COTTON,NIJO,STOCK,110,3/22/17,3/22/17,,,172002,,,0,-1,-1,,COTTON
FOX TROT,LINER,NIJO,PO# 2.22.17P,137.5,2/6/17,2/6/17,,,,,,0,0,0,,PUL
FOX TROT,LINER,NIJO,PO#3.16.17,41.6,2/6/17,2/6/17,,,,,,0,0,0,,PUL
FOX TROT,LINER,NIJO,PO# 4.18.17P,177.4,2/6/17,2/6/17,,,,,,0,0,0,,PUL
FOX TROT,LINER,NIJO,STOCK,19.7,2/6/17,2/6/17,,,34219,,,0,-1,-1,,PUL
FOX TROT,LINER,NIJO,STOCK,100,2/6/17,2/6/17,,,34220,,,0,-1,-1,,PUL
FOX TROT,LINER,NIJO,STOCK,100,2/6/17,2/6/17,,,34221,,,0,-1,-1,,PUL
FOX TROT,LINER,NIJO,STOCK,100,2/6/17,2/6/17,,,34222,,,0,-1,-1,,PUL
FOX TROT,LINER,NIJO,STOCK,100,2/6/17,2/6/17,,,34223,,,0,-1,-1,,PUL
FOX TROT,LINER,NIJO,STOCK,100,2/6/17,2/6/17,,,34224,,,0,-1,-1,,PUL
FOX TROT,LINER,NIJO,STOCK,100,2/6/17,2/6/17,,,34225,,,0,-1,-1,,PUL
FOX TROT,LINER,NIJO,STOCK,100,2/6/17,2/6/17,,,34226,,,0,-1,-1,,PUL
FOXY FROLIC,LINER,NIJO,PO# 2.22.17P,3.3,2/6/17,2/6/17,,,,,,0,0,0,,PUL
FOXY FROLIC,LINER,NIJO,PO# 4.18.17P,180.3,2/6/17,2/6/17,,,,,,0,0,0,,PUL
FOXY FROLIC,LINER,NIJO,PO#1.16.17P,8,2/6/17,2/6/17,,,,,,0,0,0,,PUL
FOXY FROLIC,LINER,NIJO,PO#3.16.17,10.1,2/6/17,2/6/17,,,,,,0,0,0,,PUL
FOXY FROLIC,LINER,NIJO,STOCK,47.5,2/6/17,2/6/17,,,35212,,,0,-1,-1,,PUL
FOXY FROLIC,LINER,NIJO,STOCK,100,2/6/17,2/6/17,,,35213,,,0,-1,-1,,PUL
FOXY FROLIC,LINER,NIJO,STOCK,100,2/6/17,2/6/17,,,35214,,,0,-1,-1,,PUL
FOXY FROLIC,LINER,NIJO,STOCK,100,2/6/17,2/6/17,,,35215,,,0,-1,-1,,PUL
FOXY FROLIC,LINER,NIJO,STOCK,100,2/6/17,2/6/17,,,35216,,,0,-1,-1,,PUL
FOXY FROLIC,LINER,NIJO,STOCK,100,2/6/17,2/6/17,,,35217,,,0,-1,-1,,PUL
FOXY FROLIC,LINER,NIJO,STOCK,100,2/6/17,2/6/17,,,35218,,,0,-1,-1,,PUL
FOXY FROLIC,LINER,NIJO,STOCK,100,2/6/17,2/6/17,,,35219,,,0,-1,-1,,PUL
FOXY FROLIC,LINER,NIJO,STOCK,100,2/6/17,2/6/17,,,35220,,,0,-1,-1,,PUL
FOXY FROLIC,LINER,NIJO,STOCK,100,2/6/17,2/6/17,,,35221,,,0,-1,-1,,PUL
GEOMETRIC,COTTON,NIJO,STOCK,5,2/6/17,2/6/17,,,31036,,,0,-1,-1,,COTTON
GEOMETRIC,COTTON,NIJO,STOCK,43,2/6/17,2/6/17,,,31037,,,0,-1,-1,,COTTON
GEOMETRIC,COTTON,NIJO,STOCK,61.25,2/6/17,2/6/17,,,31038,,,0,-1,-1,,COTTON
GEOMETRIC,COTTON,NIJO,STOCK,42.38,2/6/17,2/6/17,,,31039,,,0,-1,-1,,COTTON
GEOMETRIC,COTTON,NIJO,STOCK,63.38,2/6/17,2/6/17,,,31040,,,0,-1,-1,,COTTON
GEOMETRIC,COTTON,NIJO,STOCK,42,2/6/17,2/6/17,,,31041,,,0,-1,-1,,COTTON
GEOMETRIC,COTTON,NIJO,STOCK,61,2/6/17,2/6/17,,,31042,,,0,-1,-1,,COTTON
GEOMETRIC,COTTON,NIJO,STOCK,61.38,2/6/17,2/6/17,,,31043,,,0,-1,-1,,COTTON
GEOMETRIC,COTTON,NIJO,STOCK,62.13,2/6/17,2/6/17,,,31044,,,0,-1,-1,,COTTON
GEOMETRIC,COTTON,NIJO,STOCK,60,2/6/17,2/6/17,,,31045,,,0,-1,-1,,COTTON
GEOMETRIC,COTTON,NIJO,STOCK,40,2/6/17,2/6/17,,,31046,,,0,-1,-1,,COTTON
GRAPE,JERSEY,NIJO,PO# 4.18.17P,8.1,2/6/17,2/6/17,,,,,,0,0,0,,COTTON
GRAPE,JERSEY,NIJO,PO#3.16.17,10.8,2/6/17,2/6/17,,,,,,0,0,0,,COTTON
GRAPE,JERSEY,NIJO,STOCK,32.9,2/6/17,2/6/17,,,4423,,,0,-1,-1,,COTTON
GRAPE,JERSEY,NIJO,STOCK,70,2/6/17,2/6/17,,,4424,,,0,-1,-1,,COTTON
GRAPE,JERSEY,NIJO,STOCK,70,2/6/17,2/6/17,,,4425,,,0,-1,-1,,COTTON
GRAPE,JERSEY,NIJO,STOCK,65,2/6/17,2/6/17,,,4426,,,0,-1,-1,,COTTON
GRAPE,JERSEY,NIJO,STOCK,70,2/6/17,2/6/17,,,4427,,,0,-1,-1,,COTTON
GRAPE,JERSEY,NIJO,STOCK,70,2/6/17,2/6/17,,,4428,,,0,-1,-1,,COTTON
GRAPE,JERSEY,NIJO,STOCK,65,2/6/17,2/6/17,,,4429,,,0,-1,-1,,COTTON
GRAY ARROWS,LINER,NIJO,PO# 2.22.17P,198.1,2/6/17,2/6/17,,,,,,0,0,0,,PUL
GRAY ARROWS,LINER,NIJO,PO#1.16.17P,12.2,2/6/17,2/6/17,,,,,,0,0,0,,PUL
GRAY ARROWS,LINER,NIJO,PO#3.16.17,152.4,2/6/17,2/6/17,,,,,,0,0,0,,PUL
GRAY ARROWS,LINER,NIJO,PO# 4.18.17P,184.1,2/6/17,2/28/17,,,,,,0,0,0,,PUL
GRAY ARROWS,LINER,NIJO,STOCK,13.9,2/28/17,2/28/17,,,50217,,,0,-1,-1,,PUL
GRAY ARROWS,LINER,NIJO,STOCK,100,2/28/17,2/28/17,,,50218,,,0,-1,-1,,PUL
GRAY ARROWS,LINER,NIJO,STOCK,100,2/28/17,2/28/17,,,50219,,,0,-1,-1,,PUL
GRAY ARROWS,LINER,NIJO,STOCK,100,2/28/17,2/28/17,,,50220,,,0,-1,-1,,PUL
GRAY CANVAS,COTTON,NIJO,STOCK,52.5,2/6/17,2/6/17,,,172001,,,0,-1,-1,,CANVAS
GRAY CHEVRON,COTTON,NIJO,PO# 2.22.17P,34.9,2/6/17,2/6/17,,,,,,0,0,0,,COTTON
GRAY CHEVRON,COTTON,NIJO,PO#1.16.17P,5.6,2/6/17,2/6/17,,,,,,0,0,0,,COTTON
GRAY CHEVRON,COTTON,NIJO,PO#3.16.17,36.3,2/6/17,2/6/17,,,,,,0,0,0,,COTTON
GRAY CHEVRON,COTTON,NIJO,PO# 4.18.17P,211.7,2/6/17,2/6/17,,,,,,0,0,0,,COTTON
GRAY CHEVRON,COTTON,NIJO,STOCK,18.9,2/6/17,2/6/17,,,136006,,,0,-1,-1,,COTTON
GRAY CHEVRON,COTTON,NIJO,STOCK,106,2/6/17,2/6/17,,,136007,,,0,-1,-1,,COTTON
GRAY CHEVRON,COTTON,NIJO,STOCK,50,2/6/17,2/6/17,,,136008,,,0,-1,-1,,COTTON
GRAY CHEVRON,COTTON,NIJO,STOCK,59,2/6/17,2/6/17,,,136009,,,0,-1,-1,,COTTON
GRAY CHEVRON,COTTON,NIJO,STOCK,55,2/6/17,2/6/17,,,136010,,,0,-1,-1,,COTTON
GRAY CHEVRON,COTTON,NIJO,STOCK,10,2/6/17,2/6/17,,,136011,,,0,-1,-1,,COTTON
GRAY NYLON,NYLON,NIJO,STOCK,51.58,2/6/17,2/6/17,,,5501,,,0,-1,-1,,NYLON
GREEN,LINER,NIJO,PO# 2.22.17P,6.8,2/6/17,2/6/17,,,,,,0,0,0,,PUL
GREEN,LINER,NIJO,PO# 4.18.17P,162.8,2/6/17,2/6/17,,,,,,0,0,0,,PUL
GREEN,LINER,NIJO,PO#3.16.17,17.9,2/6/17,2/6/17,,,,,,0,0,0,,PUL
GREEN,LINER,NIJO,STOCK,43.4,2/6/17,2/6/17,,,13205,,,0,-1,-1,,PUL
GREEN,LINER,NIJO,STOCK,100,3/27/17,3/27/17,,,13206,,,0,-1,-1,,PUL
GREEN,LINER,NIJO,STOCK,100,5/2/17,5/2/17,,,13207,,,0,-1,-1,,PUL
GREEN,LINER,NIJO,STOCK,100,5/2/17,5/2/17,,,13208,,,0,-1,-1,,PUL
GREEN GIRAFFE,LINER,NIJO,PO# 2.22.17P,3.3,2/6/17,2/6/17,,,,,,0,0,0,,PUL
GREEN GIRAFFE,LINER,NIJO,PO# 4.18.17P,148.3,4/3/17,4/3/17,,,,,,0,0,0,,PUL
GREEN GIRAFFE,LINER,NIJO,STOCK,26.7,4/3/17,4/3/17,,,31225,,,0,-1,-1,,PUL
GREEN GIRAFFE,LINER,NIJO,STOCK,100,4/3/17,4/3/17,,,31226,,,0,-1,-1,,PUL
GREEN GIRAFFE,LINER,NIJO,STOCK,100,4/3/17,4/3/17,,,31227,,,0,-1,-1,,PUL
GREEN GIRAFFE,LINER,NIJO,STOCK,100,4/3/17,4/3/17,,,31228,,,0,-1,-1,,PUL
GREEN GIRAFFE,LINER,NIJO,STOCK,50,4/3/17,4/3/17,,,31229,,,0,-1,-1,,PUL
GREEN GIRAFFE,LINER,NIJO,STOCK,100,4/3/17,4/3/17,,,31230,,,0,-1,-1,,PUL
GREEN MEADOW,COTTON,NIJO,PO#3.16.17,1,2/6/17,2/6/17,,,,,,0,0,0,,COTTON
GREEN MEADOW,COTTON,NIJO,STOCK,4.01,2/6/17,2/6/17,,,32014,,,0,-1,-1,,COTTON
GREEN MEADOW,COTTON,NIJO,STOCK,128,2/6/17,2/6/17,,,32015,,,0,-1,-1,,COTTON
GREEN MEADOW,COTTON,NIJO,STOCK,111,2/6/17,2/6/17,,,32016,,,0,-1,-1,,COTTON
GREEN MEADOW,COTTON,NIJO,STOCK,120,2/6/17,2/6/17,,,32017,,,0,-1,-1,,COTTON
GREEN MEADOW,COTTON,NIJO,STOCK,118,2/6/17,2/6/17,,,32018,,,0,-1,-1,,COTTON
GREEN MEADOW,COTTON,NIJO,STOCK,120,2/6/17,2/6/17,,,32019,,,0,-1,-1,,COTTON
GREEN MEADOW,COTTON,NIJO,STOCK,120,2/6/17,2/6/17,,,32020,,,0,-1,-1,,COTTON
GREEN MEADOW,COTTON,NIJO,STOCK,130,2/6/17,2/6/17,,,32021,,,0,-1,-1,,COTTON
GREEN MEADOW,COTTON,NIJO,STOCK,53,2/6/17,2/6/17,,,32022,,,0,-1,-1,,COTTON
GREEN MEADOW,COTTON,NIJO,STOCK,36,2/6/17,2/6/17,,,32023,,,0,-1,-1,,COTTON
GREEN SWIRL,COTTON,NIJO,PO# 4.18.17P,20.7,2/6/17,2/6/17,,,,,,0,0,0,,COTTON
GREEN SWIRL,COTTON,NIJO,PO#1.16.17P,9.4,2/6/17,2/6/17,,,,,,0,0,0,,COTTON
GREEN SWIRL,COTTON,NIJO,PO#3.16.17,4,2/6/17,2/6/17,,,,,,0,0,0,,COTTON
GREEN SWIRL,COTTON,NIJO,STOCK,46.9,2/6/17,2/6/17,,,170001,,,0,-1,-1,,COTTON
GREY,FLANNEL,NIJO,PO#1.16.17P,29.48,2/6/17,2/6/17,,,,,,0,0,0,,FLANNEL
HEDGEHOG,LINER,NIJO,PO# 2.22.17P,193.1,2/6/17,2/6/17,,,,,,0,0,0,,PUL
HEDGEHOG,LINER,NIJO,PO#1.16.17P,11.1,2/6/17,2/6/17,,,,,,0,0,0,,PUL
HEDGEHOG,LINER,NIJO,PO#3.16.17,171,3/13/17,3/13/17,,,,,,0,0,0,,PUL
HEDGEHOG,LINER,NIJO,PO# 4.18.17P,21.5,3/13/17,3/13/17,,,,,,0,0,0,,PUL
HEDGEHOG,LINER,NIJO,PO# 4.6.17P,28.8,3/13/17,3/13/17,,,,,,0,0,0,,PUL
HEDGEHOG,LINER,NIJO,STOCK,90.9,3/13/17,3/13/17,,,28209,,,0,-1,-1,,PUL
HEDGEHOG,LINER,NIJO,STOCK,100,3/13/17,3/13/17,,,28210,,,0,-1,-1,,PUL
HEDGEHOG,LINER,NIJO,STOCK,100,3/13/17,3/13/17,,,28211,,,0,-1,-1,,PUL
HEDGEHOG,LINER,NIJO,STOCK,100,3/13/17,3/13/17,,,28212,,,0,-1,-1,,PUL
HEDGEHOG,LINER,NIJO,STOCK,100,3/13/17,3/13/17,,,28213,,,0,-1,-1,,PUL
HEDGEHOG JERSEY,JERSEY,NIJO,PO#3.16.17,31.4,2/6/17,2/6/17,,,,,,0,0,0,,COTTON
HEDGEHOG JERSEY,JERSEY,NIJO,PO# 4.18.17P,41.6,2/6/17,2/6/17,,,,,,0,0,0,,COTTON
HEDGEHOG JERSEY,JERSEY,NIJO,STOCK,19,2/6/17,2/6/17,,,8410,,,0,-1,-1,,COTTON
HEDGEHOG JERSEY,JERSEY,NIJO,STOCK,64,2/6/17,2/6/17,,,8411,,,0,-1,-1,,COTTON
HEDGEHOG JERSEY,JERSEY,NIJO,STOCK,42,2/6/17,2/6/17,,,8412,,,0,-1,-1,,COTTON
HEDGEHOG JERSEY,JERSEY,NIJO,STOCK,64,2/6/17,2/6/17,,,8413,,,0,-1,-1,,COTTON
HEDGEHOG JERSEY,JERSEY,NIJO,STOCK,49,2/6/17,2/6/17,,,8414,,,0,-1,-1,,COTTON
HEDGEHOG JERSEY,JERSEY,NIJO,STOCK,64,2/6/17,2/6/17,,,8415,,,0,-1,-1,,COTTON
HEDGEHOG JERSEY,JERSEY,NIJO,STOCK,63,2/6/17,2/6/17,,,8416,,,0,-1,-1,,COTTON
HOOT,LINER,NIJO,PO# 2.22.17P,3.3,2/6/17,2/6/17,,,,,,0,0,0,,PUL
HOOT,LINER,NIJO,PO# 4.18.17P,20.5,2/6/17,2/6/17,,,,,,0,0,0,,PUL
HOOT,LINER,NIJO,PO#1.16.17P,4.1,2/6/17,2/6/17,,,,,,0,0,0,,PUL
HOOT,LINER,NIJO,PO#3.16.17,23.7,2/6/17,2/6/17,,,,,,0,0,0,,PUL
HOOT,LINER,NIJO,STOCK,30.3,2/6/17,2/6/17,,,27210,,,0,-1,-1,,PUL
HOOT,LINER,NIJO,STOCK,126,2/6/17,2/6/17,,,27211,,,0,-1,-1,,PUL
HOOT,LINER,NIJO,STOCK,100,2/6/17,2/6/17,,,27212,,,0,-1,-1,,PUL
HOOT,LINER,NIJO,STOCK,100,2/6/17,2/6/17,,,27213,,,0,-1,-1,,PUL
HOOT,LINER,NIJO,STOCK,100,2/6/17,2/6/17,,,27214,,,0,-1,-1,,PUL
HOOT,LINER,NIJO,STOCK,100,2/6/17,2/6/17,,,27215,,,0,-1,-1,,PUL
HOOT,LINER,NIJO,STOCK,100,2/6/17,2/6/17,,,27216,,,0,-1,-1,,PUL
HOOT,LINER,NIJO,STOCK,100,2/6/17,2/6/17,,,27217,,,0,-1,-1,,PUL
HOOT,LINER,NIJO,STOCK,100,2/6/17,2/6/17,,,27218,,,0,-1,-1,,PUL
HOPPING HOLLY,COTTON,NIJO,STOCK,86.51,2/6/17,2/6/17,,,163001,,,0,-1,-1,,SWIM
HOPPING HOLLY,COTTON,NIJO,STOCK,144.36,2/6/17,2/6/17,,,163002,,,0,-1,-1,,SWIM
HOPPING HOLLY,COTTON,NIJO,STOCK,91.86,2/6/17,2/6/17,,,163003,,,0,-1,-1,,SWIM
HOPPING HOLLY,COTTON,NIJO,STOCK,137.8,2/6/17,2/6/17,,,163004,,,0,-1,-1,,SWIM
HOPPING HOLLY,COTTON,NIJO,STOCK,120.3,2/6/17,2/6/17,,,163005,,,0,-1,-1,,SWIM
HOT PINK,COTTON,NIJO,STOCK,43.6,2/6/17,2/6/17,,,99001,,,0,-1,-1,,COTTON
JACK,UN LAMINATED NEOPRENE,NIJO,STOCK,24.5,2/6/17,2/6/17,,,60201,,,0,-1,-1,,PUL
JELLY JUBILEE,COTTON,NIJO,PO#1.16.17P,30.1,2/6/17,2/6/17,,,,,,0,0,0,,COTTON
JELLY JUBILEE,COTTON,NIJO,PO# 2.22.17P,302.8,2/6/17,2/6/17,,,,,,0,0,0,,COTTON
JELLY JUBILEE,COTTON,NIJO,PO#3.16.17,313.9,2/6/17,2/6/17,,,,,,0,0,0,,COTTON
JELLY JUBILEE,COTTON,NIJO,PO# 4.18.17P,388.7,2/6/17,2/6/17,,,,,,0,0,0,,COTTON
JELLY JUBILEE,COTTON,NIJO,STOCK,38.8,2/6/17,2/6/17,,,145030,,,0,-1,-1,,COTTON
JELLY JUBILEE,COTTON,NIJO,STOCK,82,2/6/17,2/6/17,,,145031,,,0,-1,-1,,COTTON
JELLY JUBILEE,COTTON,NIJO,STOCK,129,2/6/17,2/6/17,,,145032,,,0,-1,-1,,COTTON
JELLY JUBILEE,COTTON,NIJO,STOCK,146,2/6/17,2/6/17,,,145033,,,0,-1,-1,,COTTON
JEWEL WOODS,COTTON,NIJO,PO#1.16.17P,35.6,2/6/17,2/6/17,,,,,,0,0,0,,COTTON
JEWEL WOODS,COTTON,NIJO,PO#3.16.17,38.5,2/10/17,2/10/17,,,,,,0,0,0,,COTTON
JEWEL WOODS,COTTON,NIJO,PO# 4.18.17P,365.9,4/3/17,4/3/17,,,,,,0,0,0,,COTTON
JEWEL WOODS,COTTON,NIJO,STOCK,6.1,4/3/17,4/3/17,,,153004,,,0,-1,-1,,COTTON
JEWEL WOODS,COTTON,NIJO,STOCK,100,4/3/17,4/3/17,,,153006,,,0,-1,-1,,COTTON
JEWEL WOODS,COTTON,NIJO,STOCK,43,4/3/17,4/3/17,,,153007,,,0,-1,-1,,COTTON
JEWEL WOODS,COTTON,NIJO,STOCK,80,4/3/17,4/3/17,,,153009,,,0,-1,-1,,COTTON
JEWEL WOODS,COTTON,NIJO,STOCK,81,4/3/17,4/3/17,,,153010,,,0,-1,-1,,COTTON
JEWEL WOODS,COTTON,NIJO,STOCK,104,4/21/17,4/21/17,,,153011,,,0,-1,-1,,COTTON
JEWEL WOODS,COTTON,NIJO,STOCK,120,4/21/17,4/21/17,,,153012,,,0,-1,-1,,COTTON
JEWEL WOODS,COTTON,NIJO,STOCK,126,4/21/17,4/21/17,,,153013,,,0,-1,-1,,COTTON
JEWEL WOODS,COTTON,NIJO,STOCK,120,4/21/17,4/21/17,,,153014,,,0,-1,-1,,COTTON
JEWEL WOODS,COTTON,NIJO,STOCK,70,4/21/17,4/21/17,,,153015,,,0,-1,-1,,COTTON
JEWEL WOODS,COTTON,NIJO,STOCK,100,4/21/17,4/21/17,,,153016,,,0,-1,-1,,COTTON
JEWEL WOODS,COTTON,NIJO,STOCK,73,4/21/17,4/21/17,,,153017,,,0,-1,-1,,COTTON
JEWEL WOODS,COTTON,NIJO,STOCK,51,4/21/17,4/21/17,,,153018,,,0,-1,-1,,COTTON
JEWEL WOODS,COTTON,NIJO,STOCK,54,4/21/17,4/21/17,,,153019,,,0,-1,-1,,COTTON
JEWEL WOODS,COTTON,NIJO,STOCK,125,5/11/17,5/11/17,,,153020,,,0,-1,-1,,COTTON
JEWEL WOODS,COTTON,NIJO,STOCK,125,5/11/17,5/11/17,,,153021,,,0,-1,-1,,COTTON
JEWEL WOODS,COTTON,NIJO,STOCK,83,5/11/17,5/11/17,,,153022,,,0,-1,-1,,COTTON
JILL,UN LAMINATED NEOPRENE,NIJO,STOCK,24.3,2/6/17,2/6/17,,,61201,,,0,-1,-1,,PUL
KANGAROO TWILL,COTTON,NIJO,PO# 4.18.17P,163.6,2/6/17,2/6/17,,,,,,0,0,0,,TWILL
KANGAROO TWILL,COTTON,NIJO,STOCK,38.6,2/6/17,2/6/17,,,3709,,,0,-1,-1,,TWILL
KANGAROO TWILL,COTTON,NIJO,STOCK,60,2/6/17,2/6/17,,,3710,,,0,-1,-1,,TWILL
KANGAROO TWILL,COTTON,NIJO,STOCK,60,2/6/17,2/6/17,,,3711,,,0,-1,-1,,TWILL
KANGAROO TWILL,COTTON,NIJO,STOCK,60,2/6/17,2/6/17,,,3712,,,0,-1,-1,,TWILL
KANGAROO TWILL,COTTON,NIJO,STOCK,60,2/6/17,2/6/17,,,3713,,,0,-1,-1,,TWILL
KANGAROO TWILL,COTTON,NIJO,STOCK,60,2/6/17,2/6/17,,,3714,,,0,-1,-1,,TWILL
KANGAROO TWILL,COTTON,NIJO,STOCK,60,2/6/17,2/6/17,,,3715,,,0,-1,-1,,TWILL
KANGAROO TWILL,COTTON,NIJO,STOCK,60,2/6/17,2/6/17,,,3716,,,0,-1,-1,,TWILL
KANGAROO TWILL,COTTON,NIJO,STOCK,60,2/6/17,2/6/17,,,3717,,,0,-1,-1,,TWILL
KITTY KAT,COTTON,NIJO,PO# 2.22.17P,1.4,2/6/17,2/6/17,,,,,,0,0,0,,COTTON
KITTY KAT,COTTON,NIJO,PO# 4.18.17P,8,2/6/17,2/6/17,,,,,,0,0,0,,COTTON
KITTY KAT,COTTON,NIJO,PO#1.16.17P,1.4,2/6/17,2/6/17,,,,,,0,0,0,,COTTON
KITTY KAT,COTTON,NIJO,PO#3.16.17,5.7,2/6/17,2/6/17,,,,,,0,0,0,,COTTON
KITTY KAT,COTTON,NIJO,STOCK,52.38,2/6/17,2/6/17,,,35016,,,0,-1,-1,,COTTON
LACE,LINER,NIJO,PO# 2.22.17P,103.3,2/6/17,2/6/17,,,,,,0,0,0,,PUL
LACE,LINER,NIJO,PO# 4.18.17P,194.1,2/6/17,2/28/17,,,,,,0,0,0,,PUL
LACE,LINER,NIJO,PO#3.16.17,33.5,2/6/17,2/6/17,,,,,,0,0,0,,PUL
LACE,LINER,NIJO,STOCK,8.01,2/28/17,2/28/17,,,39216,,,0,-1,-1,,PUL
LACE,LINER,NIJO,STOCK,100,2/28/17,2/28/17,,,39217,,,0,-1,-1,,PUL
LACE,LINER,NIJO,STOCK,100,2/28/17,2/28/17,,,39218,,,0,-1,-1,,PUL
LACE,LINER,NIJO,STOCK,100,2/28/17,2/28/17,,,39219,,,0,-1,-1,,PUL
LACE,LINER,NIJO,STOCK,100,2/28/17,2/28/17,,,39220,,,0,-1,-1,,PUL
LACE,LINER,NIJO,STOCK,100,2/28/17,2/28/17,,,39221,,,0,-1,-1,,PUL
LADYBUG,COTTON,NIJO,PO#1.16.17P,11.4,2/6/17,2/6/17,,,,,,0,0,0,,COTTON
LADYBUG,COTTON,NIJO,PO#3.16.17,2,2/6/17,2/6/17,,,,,,0,0,0,,COTTON
LADYBUG,COTTON,NIJO,STOCK,19.2,2/6/17,2/6/17,,,141005,,,0,-1,-1,,COTTON
LADYBUG,COTTON,NIJO,STOCK,14,2/6/17,2/6/17,,,141006,,,0,-1,-1,,COTTON
LADYBUG,COTTON,NIJO,STOCK,26,2/6/17,2/6/17,,,141007,,,0,-1,-1,,COTTON
LADYBUG,COTTON,NIJO,STOCK,30,2/6/17,2/6/17,,,141008,,,0,-1,-1,,COTTON
LADYBUG SLICKER,SLICKER,NIJO,STOCK,58.4,2/6/17,2/6/17,,,1602,,,0,-1,-1,,SLICKER
LADYBUG SLICKER,SLICKER,NIJO,STOCK,60,2/6/17,2/6/17,,,1603,,,0,-1,-1,,SLICKER
LEAPING LEO,COTTON,NIJO,STOCK,46.59,2/6/17,2/6/17,,,164001,,,0,-1,-1,,SWIM
LEAPING LEO,COTTON,NIJO,STOCK,146.54,2/6/17,2/6/17,,,164002,,,0,-1,-1,,SWIM
LEAPING LEO,COTTON,NIJO,STOCK,265.75,2/6/17,2/6/17,,,164003,,,0,-1,-1,,SWIM
LEAPING LEO,COTTON,NIJO,STOCK,193.57,2/6/17,2/6/17,,,164004,,,0,-1,-1,,SWIM
LILAC,LINER,NIJO,PO# 4.18.17P,162.1,2/6/17,5/2/17,,,,,,0,0,0,,PUL
LILAC,LINER,NIJO,STOCK,95.6,5/2/17,5/2/17,,,24202,,,0,-1,-1,,PUL
LILAC,LINER,NIJO,STOCK,100,5/2/17,5/2/17,,,24203,,,0,-1,-1,,PUL
LIME,COTTON,NIJO,STOCK,35.8,2/6/17,2/6/17,,,100001,,,0,-1,-1,,COTTON
LIME COCOA BEAN,COTTON,NIJO,PO#1.16.17P,4,2/6/17,2/6/17,,,,,,0,0,0,,COTTON
LIME COCOA BEAN,COTTON,NIJO,PO#3.16.17,22.9,2/6/17,2/6/17,,,,,,0,0,0,,COTTON
LIME COCOA BEAN,COTTON,NIJO,PO# 4.18.17P,35.3,2/6/17,2/6/17,,,,,,0,0,0,,COTTON
LIME COCOA BEAN,COTTON,NIJO,STOCK,69.1,2/6/17,2/6/17,,,36033,,,0,-1,-1,,COTTON
LIME COCOA BEAN,COTTON,NIJO,STOCK,115,2/6/17,2/6/17,,,36034,,,0,-1,-1,,COTTON
LIME COCOA BEAN,COTTON,NIJO,STOCK,36,2/6/17,2/6/17,,,36035,,,0,-1,-1,,COTTON
LIME COCOA BEAN,COTTON,NIJO,STOCK,134,2/6/17,2/6/17,,,36036,,,0,-1,-1,,COTTON
LIME COCOA BEAN,COTTON,NIJO,STOCK,123,2/6/17,2/6/17,,,36037,,,0,-1,-1,,COTTON
LIME COCOA BEAN,COTTON,NIJO,STOCK,110,2/6/17,2/6/17,,,36038,,,0,-1,-1,,COTTON
LIME COCOA BEAN,COTTON,NIJO,STOCK,88,2/6/17,2/6/17,,,36039,,,0,-1,-1,,COTTON
LIME DOT,COTTON,NIJO,PO#3.16.17,8.2,2/6/17,2/6/17,,,,,,0,0,0,,COTTON
LIME DOT,COTTON,NIJO,STOCK,6,2/6/17,2/6/17,,,101005,,,0,-1,-1,,COTTON
LIME SOMERSAULTS,COTTON,NIJO,STOCK,60.23,2/6/17,2/6/17,,,38030,,,0,-1,-1,,COTTON
LOVE FOREVER,COTTON,NIJO,STOCK,35.5,2/6/17,2/6/17,,,39002,,,0,-1,-1,,COTTON
LOVE FOREVER,COTTON,NIJO,STOCK,147,2/6/17,2/6/17,,,39003,,,0,-1,-1,,COTTON
MENAGERIE TWILL,COTTON,NIJO,PO#3.16.17,127.4,2/6/17,2/6/17,,,,,,0,0,0,,TWILL
MENAGERIE TWILL,COTTON,NIJO,PO# 4.18.17P,150.3,2/6/17,2/6/17,,,,,,0,0,0,,TWILL
MENAGERIE TWILL,COTTON,NIJO,STOCK,44.4,2/6/17,2/6/17,,,5711,,,0,-1,-1,,TWILL
MENAGERIE TWILL,COTTON,NIJO,STOCK,60,2/6/17,2/6/17,,,5712,,,0,-1,-1,,TWILL
MENAGERIE TWILL,COTTON,NIJO,STOCK,60,2/6/17,2/6/17,,,5713,,,0,-1,-1,,TWILL
MENAGERIE TWILL,COTTON,NIJO,STOCK,60,2/6/17,2/6/17,,,5714,,,0,-1,-1,,TWILL
MENAGERIE TWILL,COTTON,NIJO,STOCK,60,2/6/17,2/6/17,,,5715,,,0,-1,-1,,TWILL
MENAGERIE TWILL,COTTON,NIJO,STOCK,60,2/6/17,2/6/17,,,5716,,,0,-1,-1,,TWILL
MENAGERIE TWILL,COTTON,NIJO,STOCK,60,2/6/17,2/6/17,,,5717,,,0,-1,-1,,TWILL
MENAGERIE TWILL,COTTON,NIJO,STOCK,60,2/6/17,2/6/17,,,5718,,,0,-1,-1,,TWILL
MERMAIDS,UN LAMINATED NEOPRENE,NIJO,STOCK,8.8,2/6/17,2/6/17,,,56200,,,0,-1,-1,,PUL
MONKEY FUN,COTTON,NIJO,PO# 2.22.17P,42.2,2/6/17,2/6/17,,,,,,0,0,0,,COTTON
MONKEY FUN,COTTON,NIJO,PO#3.16.17,24.9,2/6/17,2/28/17,,,,,,0,0,0,,COTTON
MONKEY FUN,COTTON,NIJO,PO# 4.18.17P,40.5,2/28/17,2/28/17,,,,,,0,0,0,,COTTON
MONKEY FUN,COTTON,NIJO,STOCK,62.2,2/28/17,2/28/17,,,83001,,,0,-1,-1,,COTTON
MONSTER IN THE CITY,COTTON,NIJO,STOCK,108,5/11/17,5/11/17,,,40001,,,0,-1,-1,,COTTON
MONSTER IN THE CITY,COTTON,NIJO,STOCK,82,5/11/17,5/11/17,,,40002,,,0,-1,-1,,COTTON
MOO,LINER,NIJO,PO# 2.22.17P,131.5,2/6/17,2/6/17,,,,,,0,0,0,,PUL
MOO,LINER,NIJO,PO#1.16.17P,7,2/6/17,2/6/17,,,,,,0,0,0,,PUL
MOO,LINER,NIJO,PO# 4.18.17P,192.6,2/6/17,2/6/17,,,,,,0,0,0,,PUL
MOO,LINER,NIJO,STOCK,74.8,2/6/17,2/6/17,,,32226,,,0,-1,-1,,PUL
MOO,LINER,NIJO,STOCK,100,2/6/17,2/6/17,,,32227,,,0,-1,-1,,PUL
MOO,LINER,NIJO,STOCK,100,2/6/17,2/6/17,,,32228,,,0,-1,-1,,PUL
MUSHROOM,COTTON,NIJO,PO# 2.22.17P,94.9,2/6/17,2/6/17,,,,,,0,0,0,,COTTON
MUSHROOM,COTTON,NIJO,PO#1.16.17P,17.8,2/6/17,2/6/17,,,,,,0,0,0,,COTTON
MUSHROOM,COTTON,NIJO,PO#3.16.17,31,2/6/17,2/6/17,,,,,,0,0,0,,COTTON
MUSHROOM,COTTON,NIJO,PO# 4.18.17P,199.5,4/3/17,4/3/17,,,,,,0,0,0,,COTTON
MUSHROOM,COTTON,NIJO,STOCK,102.9,4/3/17,4/3/17,,,121010,,,0,-1,-1,,COTTON
MUSHROOM,COTTON,NIJO,STOCK,115,4/3/17,4/3/17,,,121011,,,0,-1,-1,,COTTON
NATURE,FLANNEL,NIJO,PO#1.16.17P,27.8,2/6/17,2/6/17,,,,,,0,0,0,,FLANNEL
NAUTICAL NESSIE,LINER,NIJO,PO# 2.22.17P,16.7,2/6/17,2/6/17,,,,,,0,0,0,,PUL
NAUTICAL NESSIE,LINER,NIJO,STOCK,32.3,2/6/17,2/6/17,,,64201,,,0,-1,-1,,PUL
NAVY,COTTON,NIJO,PO# 2.22.17P,84.7,2/6/17,2/27/17,,,,,,0,0,0,,COTTON
NAVY,COTTON,NIJO,PO#3.16.17,103.9,2/6/17,3/22/17,,,,,,0,0,0,,COTTON
NAVY,COTTON,NIJO,PO# 4.18.17P,108.1,3/22/17,3/22/17,,,,,,0,0,0,,COTTON
NAVY,COTTON,NIJO,STOCK,78.5,3/22/17,3/22/17,,,98003,,,0,-1,-1,,COTTON
NAVY,COTTON,NIJO,STOCK,125,3/22/17,3/22/17,,,98004,,,0,-1,-1,,COTTON
NAVY,COTTON,NIJO,STOCK,30,5/25/17,5/25/17,,,98005,,,0,-1,-1,,COTTON
NAVY,COTTON,NIJO,STOCK,125,5/25/17,5/25/17,,,98006,,,0,-1,-1,,COTTON
NAVY,COTTON,NIJO,STOCK,125,5/25/17,5/25/17,,,98007,,,0,-1,-1,,COTTON
NAVY,COTTON,NIJO,STOCK,125,5/25/17,5/25/17,,,98008,,,0,-1,-1,,COTTON
NAVY BLUE,LINER,NIJO,PO#1.16.17P,165.2,2/6/17,2/6/17,,,,,,0,0,0,,PUL
NAVY BLUE,LINER,NIJO,PO# 2.22.17P,293.9,2/6/17,2/6/17,,,,,,0,0,0,,PUL
NAVY BLUE,LINER,NIJO,PO#3.16.17,443.3,2/6/17,3/27/17,,,,,,0,0,0,,PUL
NAVY BLUE,LINER,NIJO,PO# 4.6.17P,175.6,3/27/17,3/27/17,,,,,,0,0,0,,PUL
NAVY BLUE,LINER,NIJO,PO# 4.18.17P,375.2,3/27/17,5/2/17,,,,,,0,0,0,,PUL
NAVY BLUE,LINER,NIJO,STOCK,34.5,5/2/17,5/2/17,,,23210,,,0,-1,-1,,PUL
NAVY BLUE,LINER,NIJO,STOCK,94,5/2/17,5/2/17,,,23211,,,0,-1,-1,,PUL
NAVY BLUE,LINER,NIJO,STOCK,100,5/2/17,5/2/17,,,23212,,,0,-1,-1,,PUL
NAVY BLUE,LINER,NIJO,STOCK,100,5/2/17,5/2/17,,,23213,,,0,-1,-1,,PUL
NAVY BLUE NYLON,NYLON,NIJO,STOCK,45.81,2/6/17,2/6/17,,,3501,,,0,-1,-1,,NYLON
NAVY CANVAS,COTTON,NIJO,STOCK,50.4,2/6/17,2/6/17,,,171001,,,0,-1,-1,,CANVAS
NAVY FLANNEL,FLANNEL,NIJO,PO#1.16.17P,31.07,2/6/17,2/6/17,,,,,,0,0,0,,FLANNEL
NAVY UNICORN,COTTON,NIJO,PO# 4.6.17P,338,3/7/17,3/7/17,,,,,,0,0,0,,COTTON
NAVY UNICORN,COTTON,NIJO,PO#3.16.17,0.9,3/7/17,3/7/17,,,,,,0,0,0,,COTTON
NAVY UNICORN,COTTON,NIJO,STOCK,44.1,3/7/17,3/7/17,,,179004,,,0,-1,-1,,COTTON
NAVY UNICORN,COTTON,NIJO,STOCK,118,3/7/17,3/7/17,,,179005,,,0,-1,-1,,COTTON
NAVY UNICORN,COTTON,NIJO,STOCK,120,3/7/17,3/7/17,,,179006,,,0,-1,-1,,COTTON
NAVY UNICORN,COTTON,NIJO,STOCK,40,3/7/17,3/7/17,,,179007,,,0,-1,-1,,COTTON
NAVY UNICORN,COTTON,NIJO,STOCK,121,3/7/17,3/7/17,,,179008,,,0,-1,-1,,COTTON
OASIS,COTTON,NIJO,PO# 4.6.17P,319.7,4/10/17,4/10/17,,,,,,0,0,0,,CANVAS
OASIS,COTTON,NIJO,STOCK,64.16,4/10/17,4/10/17,,,7704,,,0,-1,-1,,CANVAS
OASIS,COTTON,NIJO,STOCK,110.45,4/10/17,4/10/17,,,7705,,,0,-1,-1,,CANVAS
OASIS,COTTON,NIJO,STOCK,111.55,4/10/17,4/10/17,,,7706,,,0,-1,-1,,CANVAS
OASIS,COTTON,NIJO,STOCK,89.68,4/10/17,4/10/17,,,7707,,,0,-1,-1,,CANVAS
OASIS,COTTON,NIJO,STOCK,111.55,4/10/17,4/10/17,,,7708,,,0,-1,-1,,CANVAS
OASIS,COTTON,NIJO,STOCK,36.09,4/10/17,4/10/17,,,7709,,,0,-1,-1,,CANVAS
OASIS,COTTON,NIJO,STOCK,110.45,4/10/17,4/10/17,,,7710,,,0,-1,-1,,CANVAS
OASIS,COTTON,NIJO,STOCK,87.49,4/10/17,4/10/17,,,7711,,,0,-1,-1,,CANVAS
OASIS PUL,LINER,NIJO,PO# 4.6.17P,153.1,4/10/17,4/10/17,,,,,,0,0,0,,PUL
OASIS PUL,LINER,NIJO,STOCK,56.33,4/10/17,4/10/17,,,72202,,,0,-1,-1,,PUL
OASIS PUL,LINER,NIJO,STOCK,109.36,4/10/17,4/10/17,,,72203,,,0,-1,-1,,PUL
OCEAN,LINER,NIJO,PO#1.16.17P,29.7,2/6/17,2/6/17,,,,,,0,0,0,,PUL
OCEAN,LINER,NIJO,PO# 4.18.17P,251,2/6/17,2/6/17,,,,,,0,0,0,,PUL
OCEAN,LINER,NIJO,PO#3.16.17,64.6,2/6/17,2/6/17,,,,,,0,0,0,,PUL
OCEAN,LINER,NIJO,STOCK,68.2,2/6/17,2/6/17,,,2215,,,0,-1,-1,,PUL
OCEAN,LINER,NIJO,STOCK,100,2/6/17,2/6/17,,,2216,,,0,-1,-1,,PUL
OCEAN,LINER,NIJO,STOCK,100,5/2/17,5/2/17,,,2217,,,0,-1,-1,,PUL
OCEAN,LINER,NIJO,STOCK,100,5/2/17,5/2/17,,,2218,,,0,-1,-1,,PUL
OCEAN,LINER,NIJO,STOCK,100,5/2/17,5/2/17,,,2219,,,0,-1,-1,,PUL
OCEAN,LINER,NIJO,STOCK,100,5/2/17,5/2/17,,,2220,,,0,-1,-1,,PUL
OCEAN BLUE,COTTON,NIJO,STOCK,80,2/7/17,2/7/17,,,23204,,,0,-1,-1,,COTTON
OCEAN WAVES,COTTON,NIJO,PO# 2.22.17P,16.3,2/28/17,3/1/17,,,,,,0,0,0,,COTTON
OH DEER,LINER,NIJO,PO# 2.22.17P,16.7,2/7/17,2/7/17,,,,,,0,0,0,,PUL
OH DEER,LINER,NIJO,STOCK,32.3,2/7/17,2/7/17,,,65201,,,0,-1,-1,,PUL
OLIVE,LINER,NIJO,PO# 2.22.17P,6.9,2/7/17,2/7/17,,,,,,0,0,0,,PUL
OLIVE,LINER,NIJO,STOCK,87.7,2/7/17,2/7/17,,,22206,,,0,-1,-1,,PUL
OLIVE,LINER,NIJO,STOCK,100,5/2/17,5/2/17,,,22207,,,0,-1,-1,,PUL
ON THE ROAD,COTTON,NIJO,PO# 2.22.17P,2,2/7/17,2/7/17,,,,,,0,0,0,,COTTON
ON THE ROAD,COTTON,NIJO,PO#1.16.17P,5.4,2/7/17,2/7/17,,,,,,0,0,0,,COTTON
ON THE ROAD,COTTON,NIJO,PO# 4.18.17P,8,4/3/17,4/3/17,,,,,,0,0,0,,COTTON
ON THE ROAD,COTTON,NIJO,STOCK,37,4/3/17,4/3/17,,,44017,,,0,-1,-1,,COTTON
ON THE ROAD,COTTON,NIJO,STOCK,58,4/3/17,4/3/17,,,44018,,,0,-1,-1,,COTTON
OPAL,LINER,NIJO,PO# 4.6.17P,228.6,3/27/17,3/27/17,,,,,,0,0,0,,PUL
OPAL,LINER,NIJO,STOCK,30.4,3/27/17,3/27/17,,,71205,,,0,-1,-1,,PUL
OPAL,LINER,NIJO,STOCK,50,3/27/17,3/27/17,,,71206,,,0,-1,-1,,PUL
ORANGE,LINER,NIJO,PO# 2.22.17P,45.8,2/7/17,2/7/17,,,,,,0,0,0,,PUL
ORANGE,LINER,NIJO,PO#1.16.17P,24.6,2/7/17,2/7/17,,,,,,0,0,0,,PUL
ORANGE,LINER,NIJO,PO# 4.18.17P,161.3,2/7/17,3/27/17,,,,,,0,0,0,,PUL
ORANGE,LINER,NIJO,PO#3.16.17,36.6,2/7/17,2/7/17,,,,,,0,0,0,,PUL
ORANGE,LINER,NIJO,STOCK,57.8,3/27/17,3/27/17,,,20226,,,0,-1,-1,,PUL
ORANGE,LINER,NIJO,STOCK,100,3/27/17,3/27/17,,,20227,,,0,-1,-1,,PUL
ORANGE,LINER,NIJO,STOCK,100,5/2/17,5/2/17,,,20228,,,0,-1,-1,,PUL
ORANGE,LINER,NIJO,STOCK,100,5/2/17,5/2/17,,,20229,,,0,-1,-1,,PUL
ORANGE CIRCLES,COTTON,NIJO,PO#3.16.17,36.7,3/22/17,3/22/17,,,,,,0,0,0,,COTTON
ORANGE CIRCLES,COTTON,NIJO,PO# 4.18.17P,40.2,3/22/17,3/22/17,,,,,,0,0,0,,COTTON
ORANGE CIRCLES,COTTON,NIJO,PO# 4.6.17P,35.7,3/22/17,3/22/17,,,,,,0,0,0,,COTTON
ORANGE CIRCLES,COTTON,NIJO,STOCK,10.98,3/22/17,3/22/17,,,98006,,,0,-1,-1,,COTTON
ORANGE TAIL,COTTON,NIJO,PO# 2.22.17P,6.05,2/7/17,2/7/17,,,,,,0,0,0,,COTTON
ORANGE TAIL,COTTON,NIJO,PO#1.16.17P,16.1,2/7/17,2/7/17,,,,,,0,0,0,,COTTON
ORG. NAVY CIRCUITS,COTTON,NIJO,STOCK,120,2/7/17,2/7/17,,,79015,,,0,-1,-1,,COTTON
ORG. NAVY CIRCUITS,COTTON,NIJO,STOCK,83,2/7/17,2/7/17,,,79016,,,0,-1,-1,,COTTON
ORG. NAVY CIRCUITS,COTTON,NIJO,STOCK,91,2/7/17,2/7/17,,,79017,,,0,-1,-1,,COTTON
ORG. NAVY CIRCUITS,COTTON,NIJO,STOCK,129,2/7/17,2/7/17,,,79018,,,0,-1,-1,,COTTON
ORG. NAVY CIRCUITS,COTTON,NIJO,STOCK,133,2/7/17,2/7/17,,,79019,,,0,-1,-1,,COTTON
ORG. NAVY CIRCUITS,COTTON,NIJO,STOCK,114,2/7/17,2/7/17,,,79020,,,0,-1,-1,,COTTON
ORG. NAVY CIRCUITS,COTTON,NIJO,STOCK,42,2/7/17,2/7/17,,,79021,,,0,-1,-1,,COTTON
ORG. NAVY CIRCUITS,COTTON,NIJO,STOCK,83,2/7/17,2/7/17,,,79022,,,0,-1,-1,,COTTON
ORG. NAVY CIRCUITS,COTTON,NIJO,STOCK,100,2/7/17,2/7/17,,,79023,,,0,-1,-1,,COTTON
OUTER SPACE,COTTON,NIJO,PO#1.16.17P,1.7,2/7/17,2/7/17,,,,,,0,0,0,,COTTON
OVERBOARD,COTTON,NIJO,PO# 2.22.17P,150.2,2/7/17,2/7/17,,,,,,0,0,0,,TWILL
OVERBOARD,COTTON,NIJO,PO# 4.18.17P,277.5,2/7/17,2/7/17,,,,,,0,0,0,,TWILL
OVERBOARD,COTTON,NIJO,PO#3.16.17,36.7,2/7/17,2/7/17,,,,,,0,0,0,,TWILL
OVERBOARD,COTTON,NIJO,STOCK,26.4,2/7/17,2/7/17,,,2716,,,0,-1,-1,,TWILL
OVERBOARD,COTTON,NIJO,STOCK,60,2/7/17,2/7/17,,,2717,,,0,-1,-1,,TWILL
OVERBOARD,COTTON,NIJO,STOCK,60,2/7/17,2/7/17,,,2718,,,0,-1,-1,,TWILL
OVERBOARD,COTTON,NIJO,STOCK,60,2/7/17,2/7/17,,,2719,,,0,-1,-1,,TWILL
OVERBOARD,COTTON,NIJO,STOCK,60,2/7/17,2/7/17,,,2720,,,0,-1,-1,,TWILL
OVERBOARD,COTTON,NIJO,STOCK,60,2/7/17,2/7/17,,,2721,,,0,-1,-1,,TWILL
OVERBOARD,COTTON,NIJO,STOCK,60,2/7/17,2/7/17,,,2722,,,0,-1,-1,,TWILL
OVERBOARD,COTTON,NIJO,STOCK,60,2/7/17,2/7/17,,,2723,,,0,-1,-1,,TWILL
OVERBOARD,COTTON,NIJO,STOCK,60,2/7/17,2/7/17,,,2724,,,0,-1,-1,,TWILL
OVERBOARD,COTTON,NIJO,STOCK,60,2/7/17,2/7/17,,,2725,,,0,-1,-1,,TWILL
OVERBOARD,COTTON,NIJO,STOCK,60,2/7/17,2/7/17,,,2726,,,0,-1,-1,,TWILL
OVERBOARD,COTTON,NIJO,STOCK,60,2/7/17,2/7/17,,,2727,,,0,-1,-1,,TWILL
OVERBOARD,COTTON,NIJO,STOCK,60,2/7/17,2/7/17,,,2728,,,0,-1,-1,,TWILL
OVERBOARD,COTTON,NIJO,STOCK,60,2/7/17,2/7/17,,,2729,,,0,-1,-1,,TWILL
OVERBOARD,COTTON,NIJO,STOCK,60,2/7/17,2/7/17,,,2730,,,0,-1,-1,,TWILL
OVERBOARD,COTTON,NIJO,STOCK,60,2/7/17,2/7/17,,,2731,,,0,-1,-1,,TWILL
OWLS,COTTON,NIJO,PO#1.16.17P,14.5,2/7/17,2/7/17,,,,,,0,0,0,,COTTON
OWLS,COTTON,NIJO,PO#3.16.17,77.1,2/7/17,2/7/17,,,,,,0,0,0,,COTTON
OWLS,COTTON,NIJO,PO# 4.18.17P,152.6,2/7/17,2/7/17,,,,,,0,0,0,,COTTON
OWLS,COTTON,NIJO,STOCK,77.6,2/7/17,2/7/17,,,55078,,,0,-1,-1,,COTTON
OWLS,COTTON,NIJO,STOCK,120,2/7/17,2/7/17,,,55079,,,0,-1,-1,,COTTON
OWLS,COTTON,NIJO,STOCK,109,2/7/17,2/7/17,,,55080,,,0,-1,-1,,COTTON
OWLS SLICKER,SLICKER,NIJO,STOCK,38.77,2/7/17,2/7/17,,,4602,,,0,-1,-1,,SLICKER
OWLS SLICKER,SLICKER,NIJO,STOCK,61,2/7/17,2/7/17,,,4603,,,0,-1,-1,,SLICKER
PANDA,JERSEY,NIJO,PO#3.16.17,10.3,2/7/17,2/7/17,,,,,,0,0,0,,COTTON
PANDA,JERSEY,NIJO,PO# 4.18.17P,57.5,2/7/17,2/7/17,,,,,,0,0,0,,COTTON
PANDA,JERSEY,NIJO,STOCK,1.1,2/7/17,2/7/17,,,7416,,,0,-1,-1,,COTTON
PANDA,JERSEY,NIJO,STOCK,74,2/7/17,2/7/17,,,7417,,,0,-1,-1,,COTTON
PANDA,JERSEY,NIJO,STOCK,72,2/7/17,2/7/17,,,7418,,,0,-1,-1,,COTTON
PANDA,JERSEY,NIJO,STOCK,68,2/7/17,2/7/17,,,7419,,,0,-1,-1,,COTTON
PANDA,JERSEY,NIJO,STOCK,66,2/7/17,2/7/17,,,7420,,,0,-1,-1,,COTTON
PANDA,JERSEY,NIJO,STOCK,70,2/7/17,2/7/17,,,7421,,,0,-1,-1,,COTTON
PANDA,JERSEY,NIJO,STOCK,74,2/7/17,2/7/17,,,7422,,,0,-1,-1,,COTTON
PANDA,JERSEY,NIJO,STOCK,70,2/7/17,2/7/17,,,7423,,,0,-1,-1,,COTTON
PANDA,JERSEY,NIJO,STOCK,72,2/7/17,2/7/17,,,7424,,,0,-1,-1,,COTTON
PANDA,JERSEY,NIJO,STOCK,72,2/7/17,2/7/17,,,7425,,,0,-1,-1,,COTTON
PANDA,JERSEY,NIJO,STOCK,77,2/7/17,2/7/17,,,7426,,,0,-1,-1,,COTTON
PANDA,JERSEY,NIJO,STOCK,69,2/7/17,2/7/17,,,7427,,,0,-1,-1,,COTTON
PANDA,JERSEY,NIJO,STOCK,69,2/7/17,2/7/17,,,7428,,,0,-1,-1,,COTTON
PANDA,JERSEY,NIJO,STOCK,65,2/7/17,2/7/17,,,7429,,,0,-1,-1,,COTTON
PANDA,JERSEY,NIJO,STOCK,42,2/7/17,2/7/17,,,7430,,,0,-1,-1,,COTTON
PATCHWORK,COTTON,NIJO,STOCK,50.85,2/7/17,2/7/17,,,95013,,,0,-1,-1,,COTTON
PATCHWORK,COTTON,NIJO,STOCK,198,2/7/17,2/7/17,,,95014,,,0,-1,-1,,COTTON
PATCHWORK,COTTON,NIJO,STOCK,102,2/7/17,2/7/17,,,95015,,,0,-1,-1,,COTTON
PATCHWORK,COTTON,NIJO,STOCK,131,2/7/17,2/7/17,,,95016,,,0,-1,-1,,COTTON
PATCHWORK,COTTON,NIJO,STOCK,69,2/7/17,2/7/17,,,95017,,,0,-1,-1,,COTTON
PATRIOT,LINER,NIJO,STOCK,1.2,2/7/17,2/7/17,,,23204,,,0,-1,-1,,PUL
PEACE ON EARTH,COTTON,NIJO,PO# 2.22.17P,12,2/7/17,2/7/17,,,,,,0,0,0,,COTTON
PEACE ON EARTH,COTTON,NIJO,PO#1.16.17P,4,2/7/17,2/7/17,,,,,,0,0,0,,COTTON
PEACE ON EARTH,COTTON,NIJO,PO#3.16.17,84.5,2/7/17,2/7/17,,,,,,0,0,0,,COTTON
PEACE ON EARTH,COTTON,NIJO,PO# 4.18.17P,12,2/7/17,2/7/17,,,,,,0,0,0,,COTTON
PEACE ON EARTH,COTTON,NIJO,STOCK,184.95,2/7/17,2/7/17,,,56010,,,0,-1,-1,,COTTON
PEACE ON EARTH,COTTON,NIJO,STOCK,200,2/7/17,2/7/17,,,56011,,,0,-1,-1,,COTTON
PEACOCK,COTTON,NIJO,PO# 4.18.17P,206.8,2/7/17,2/7/17,,,,,,0,0,0,,COTTON
PEACOCK,COTTON,NIJO,PO#1.16.17P,17.8,2/7/17,2/7/17,,,,,,0,0,0,,COTTON
PEACOCK,COTTON,NIJO,PO#3.16.17,36.1,2/7/17,2/7/17,,,,,,0,0,0,,COTTON
PEACOCK,COTTON,NIJO,STOCK,70.6,2/7/17,2/7/17,,,173035,,,0,-1,-1,,COTTON
PEACOCK,COTTON,NIJO,STOCK,121,2/7/17,2/7/17,,,173036,,,0,-1,-1,,COTTON
PEACOCK,COTTON,NIJO,STOCK,120,2/7/17,2/7/17,,,173037,,,0,-1,-1,,COTTON
PEACOCK,COTTON,NIJO,STOCK,74,2/7/17,2/7/17,,,173038,,,0,-1,-1,,COTTON
PERIWINKLE,LINER,NIJO,PO#3.16.17,139.6,2/7/17,2/7/17,,,,,,0,0,0,,PUL
PERIWINKLE,LINER,NIJO,STOCK,28.57,2/7/17,2/7/17,,,6214,,,0,-1,-1,,PUL
PERIWINKLE,LINER,NIJO,STOCK,50,3/27/17,3/27/17,,,6215,,,0,-1,-1,,PUL
PERIWINKLE,LINER,NIJO,STOCK,50,3/27/17,3/27/17,,,6216,,,0,-1,-1,,PUL
PERIWINKLE,LINER,NIJO,STOCK,25,5/2/17,5/2/17,,,6217,,,0,-1,-1,,PUL
PERIWINKLE,LINER,NIJO,STOCK,50,5/2/17,5/2/17,,,6218,,,0,-1,-1,,PUL
PINK BUBBLEGUM,JERSEY,NIJO,PO# 4.18.17P,8.1,2/7/17,2/7/17,,,,,,0,0,0,,COTTON
PINK BUBBLEGUM,JERSEY,NIJO,PO#1.16.17P,11.9,2/7/17,2/7/17,,,,,,0,0,0,,COTTON
PINK BUBBLEGUM,JERSEY,NIJO,PO#3.16.17,11,2/7/17,2/7/17,,,,,,0,0,0,,COTTON
PINK BUBBLEGUM,JERSEY,NIJO,STOCK,15.3,2/7/17,2/7/17,,,1407,,,0,-1,-1,,COTTON
PINK BUBBLEGUM,JERSEY,NIJO,STOCK,65,2/7/17,2/7/17,,,1408,,,0,-1,-1,,COTTON
PINK BUBBLEGUM,JERSEY,NIJO,STOCK,65.8,2/7/17,2/7/17,,,1409,,,0,-1,-1,,COTTON
PINK BUBBLEGUM,JERSEY,NIJO,STOCK,53,2/7/17,2/7/17,,,1410,,,0,-1,-1,,COTTON
PINK BUBBLEGUM,JERSEY,NIJO,STOCK,65.4,2/7/17,2/7/17,,,1411,,,0,-1,-1,,COTTON
PINK DOTS,COTTON,NIJO,PO# 4.18.17P,8,2/7/17,2/7/17,,,,,,0,0,0,,COTTON
PINK DOTS,COTTON,NIJO,PO#1.16.17P,6,2/7/17,2/7/17,,,,,,0,0,0,,COTTON
PINK DOTS,COTTON,NIJO,PO#3.16.17,3.3,2/7/17,2/7/17,,,,,,0,0,0,,COTTON
PINK DOTS,COTTON,NIJO,STOCK,68.2,2/7/17,2/7/17,,,175001,,,0,-1,-1,,COTTON
PINK FLAMINGO,COTTON,NIJO,PO# 2.22.17P,3.3,2/7/17,2/7/17,,,,,,0,0,0,,COTTON
PINK FLAMINGO,COTTON,NIJO,PO# 4.18.17P,10.1,2/7/17,2/7/17,,,,,,0,0,0,,COTTON
PINK FLAMINGO,COTTON,NIJO,PO#1.16.17P,6,2/7/17,2/7/17,,,,,,0,0,0,,COTTON
PINK FLAMINGO,COTTON,NIJO,PO#3.16.17,2,2/7/17,2/7/17,,,,,,0,0,0,,COTTON
PINK FLAMINGO,COTTON,NIJO,STOCK,66,2/7/17,2/7/17,,,174001,,,0,-1,-1,,COTTON
PINK GIRAFFE,LINER,NIJO,PO# 2.22.17P,6.9,2/7/17,2/7/17,,,,,,0,0,0,,PUL
PINK GIRAFFE,LINER,NIJO,PO#3.16.17,16.8,2/7/17,2/7/17,,,,,,0,0,0,,PUL
PINK GIRAFFE,LINER,NIJO,PO# 4.18.17P,42.9,2/7/17,2/7/17,,,,,,0,0,0,,PUL
PINK GIRAFFE,LINER,NIJO,STOCK,50.2,2/7/17,2/7/17,,,30214,,,0,-1,-1,,PUL
PINK GIRAFFE,LINER,NIJO,STOCK,100,2/7/17,2/7/17,,,30215,,,0,-1,-1,,PUL
PINK GIRAFFE,LINER,NIJO,STOCK,100,2/7/17,2/7/17,,,30216,,,0,-1,-1,,PUL
PINK GIRAFFE,LINER,NIJO,STOCK,100,2/7/17,2/7/17,,,30217,,,0,-1,-1,,PUL
PINK GIRAFFE,LINER,NIJO,STOCK,100,2/7/17,2/7/17,,,30218,,,0,-1,-1,,PUL
PINK GIRAFFE,LINER,NIJO,STOCK,85,2/7/17,2/7/17,,,30219,,,0,-1,-1,,PUL
PINK GIRAFFE,LINER,NIJO,STOCK,100,2/7/17,2/7/17,,,30220,,,0,-1,-1,,PUL
PINK GIRAFFE,LINER,NIJO,STOCK,100,2/7/17,2/7/17,,,30221,,,0,-1,-1,,PUL
PINK GIRAFFE,LINER,NIJO,STOCK,100,2/7/17,2/7/17,,,30222,,,0,-1,-1,,PUL
PINK GIRAFFE,LINER,NIJO,STOCK,100,2/7/17,2/7/17,,,30223,,,0,-1,-1,,PUL
PINK GIRAFFE,LINER,NIJO,STOCK,100,2/7/17,2/7/17,,,30224,,,0,-1,-1,,PUL
PINK GIRAFFE,LINER,NIJO,STOCK,100,2/7/17,2/7/17,,,30225,,,0,-1,-1,,PUL
PINK GIRAFFE,LINER,NIJO,STOCK,100,2/7/17,2/7/17,,,30226,,,0,-1,-1,,PUL
PINK HAWAII,COTTON,NIJO,STOCK,57.1,2/7/17,2/7/17,,,133002,,,0,-1,-1,,COTTON
PINK HAWAII,COTTON,NIJO,STOCK,125,2/7/17,2/7/17,,,133003,,,0,-1,-1,,COTTON
PINK HAWAII,COTTON,NIJO,STOCK,126.5,2/7/17,2/7/17,,,133004,,,0,-1,-1,,COTTON
PINK HAWAII,COTTON,NIJO,STOCK,127,2/7/17,2/7/17,,,133005,,,0,-1,-1,,COTTON
PINK HAWAII,COTTON,NIJO,STOCK,125,2/7/17,2/7/17,,,133006,,,0,-1,-1,,COTTON
PINK SPLASH,COTTON,NIJO,STOCK,154.76,2/7/17,2/7/17,,,166001,,,0,-1,-1,,SWIM
PINK SPLASH,COTTON,NIJO,STOCK,191.38,2/7/17,2/7/17,,,166002,,,0,-1,-1,,SWIM
PINK SPLASH,COTTON,NIJO,STOCK,120.3,2/7/17,2/7/17,,,166003,,,0,-1,-1,,SWIM
PINK SPLASH,COTTON,NIJO,STOCK,190.29,2/7/17,2/7/17,,,166004,,,0,-1,-1,,SWIM
PINK STRIPES,COTTON,NIJO,PO# 4.18.17P,10,2/7/17,2/7/17,,,,,,0,0,0,,COTTON
PINK STRIPES,COTTON,NIJO,PO#1.16.17P,2,2/7/17,2/7/17,,,,,,0,0,0,,COTTON
PINK STRIPES,COTTON,NIJO,STOCK,72.2,2/7/17,2/7/17,,,87004,,,0,-1,-1,,COTTON
PINK STRIPES,COTTON,NIJO,STOCK,140,2/7/17,2/7/17,,,87005,,,0,-1,-1,,COTTON
PIRATES,UN LAMINATED NEOPRENE,NIJO,STOCK,8.7,2/7/17,2/7/17,,,55200,,,0,-1,-1,,PUL
PISTACHIO,JERSEY,NIJO,PO# 4.18.17P,27.7,2/7/17,2/7/17,,,,,,0,0,0,,COTTON
PISTACHIO,JERSEY,NIJO,PO#3.16.17,10.8,2/7/17,2/7/17,,,,,,0,0,0,,COTTON
PISTACHIO,JERSEY,NIJO,STOCK,10.85,2/7/17,2/7/17,,,3426,,,0,-1,-1,,COTTON
PISTACHIO,JERSEY,NIJO,STOCK,66,2/7/17,2/7/17,,,3427,,,0,-1,-1,,COTTON
PISTACHIO,JERSEY,NIJO,STOCK,66,2/7/17,2/7/17,,,3428,,,0,-1,-1,,COTTON
PISTACHIO,JERSEY,NIJO,STOCK,68,2/7/17,2/7/17,,,3429,,,0,-1,-1,,COTTON
PISTACHIO,JERSEY,NIJO,STOCK,67,2/7/17,2/7/17,,,3430,,,0,-1,-1,,COTTON
PLUM,LINER,NIJO,PO#1.16.17P,61.9,2/7/17,2/7/17,,,,,,0,0,0,,PUL
PLUM,LINER,NIJO,PO# 2.22.17P,12.2,2/7/17,2/7/17,,,,,,0,0,0,,PUL
PLUM,LINER,NIJO,PO# 4.18.17P,368.6,2/7/17,5/2/17,,,,,,0,0,0,,PUL
PLUM,LINER,NIJO,PO#3.16.17,33.8,2/7/17,2/7/17,,,,,,0,0,0,,PUL
PLUM,LINER,NIJO,STOCK,40.7,5/2/17,5/2/17,,,33206,,,0,-1,-1,,PUL
PLUM,LINER,NIJO,STOCK,100,5/2/17,5/2/17,,,33207,,,0,-1,-1,,PUL
PLUM,LINER,NIJO,STOCK,100,5/2/17,5/2/17,,,33208,,,0,-1,-1,,PUL
PLUM,LINER,NIJO,STOCK,100,5/2/17,5/2/17,,,33209,,,0,-1,-1,,PUL
PLUM,LINER,NIJO,STOCK,100,5/2/17,5/2/17,,,33210,,,0,-1,-1,,PUL
PURPLE,LINER,NIJO,PO# 4.6.17P,198.6,2/7/17,2/7/17,,,,,,0,0,0,,PUL
PURPLE,LINER,NIJO,PO#3.16.17,10.9,2/7/17,2/7/17,,,,,,0,0,0,,PUL
PURPLE,LINER,NIJO,PO# 4.18.17P,155.45,2/7/17,5/2/17,,,,,,0,0,0,,PUL
PURPLE,LINER,NIJO,STOCK,37.9,5/2/17,5/2/17,,,26216,,,0,-1,-1,,PUL
PURPLE,LINER,NIJO,STOCK,50,5/2/17,5/2/17,,,26217,,,0,-1,-1,,PUL
QUILL,COTTON,NIJO,PO# 2.22.17P,172.3,2/7/17,2/27/17,,,,,,0,0,0,,COTTON
QUILL,COTTON,NIJO,PO#1.16.17P,55.5,2/7/17,2/7/17,,,,,,0,0,0,,COTTON
QUILL,COTTON,NIJO,PO#3.16.17,167.8,2/27/17,2/27/17,,,,,,0,0,0,,COTTON
QUILL,COTTON,NIJO,PO# 4.18.17P,699.2,2/27/17,2/27/17,,,,,,0,0,0,,COTTON
QUILL,COTTON,NIJO,STOCK,51.6,2/27/17,2/27/17,,,25011,,,0,-1,-1,,COTTON
QUILL,COTTON,NIJO,STOCK,80,2/27/17,2/27/17,,,25012,,,0,-1,-1,,COTTON
QUILL,COTTON,NIJO,STOCK,92,2/27/17,2/27/17,,,25013,,,0,-1,-1,,COTTON
QUILL,COTTON,NIJO,STOCK,93,2/27/17,2/27/17,,,25014,,,0,-1,-1,,COTTON
QUILL,COTTON,NIJO,STOCK,120,2/27/17,2/27/17,,,25015,,,0,-1,-1,,COTTON
QUILL,COTTON,NIJO,STOCK,120,2/27/17,2/27/17,,,25016,,,0,-1,-1,,COTTON
QUILL,COTTON,NIJO,STOCK,120,2/27/17,2/27/17,,,25017,,,0,-1,-1,,COTTON
QUILL,COTTON,NIJO,STOCK,101,2/27/17,2/27/17,,,25018,,,0,-1,-1,,COTTON
QUILL,COTTON,NIJO,STOCK,72,2/27/17,2/27/17,,,25019,,,0,-1,-1,,COTTON
RAINBOW X SNACK,COTTON,NIJO,PO# 4.18.17P,12.1,2/7/17,2/7/17,,,,,,0,0,0,,COTTON
RAINBOW X SNACK,COTTON,NIJO,PO#3.16.17,2,2/7/17,2/7/17,,,,,,0,0,0,,COTTON
RAINBOW X SNACK,COTTON,NIJO,STOCK,14.5,2/7/17,2/7/17,,,18001,,,0,-1,-1,,COTTON
RAINBOW X SNACK,COTTON,NIJO,STOCK,40,2/7/17,2/7/17,,,18002,,,0,-1,-1,,COTTON
RASPBERRY,LINER,NIJO,PO#1.16.17P,140.6,2/7/17,2/7/17,,,,,,0,0,0,,PUL
RASPBERRY,LINER,NIJO,PO# 4.18.17P,5.8,2/7/17,2/7/17,,,,,,0,0,0,,PUL
RASPBERRY,LINER,NIJO,PO# 4.6.17P,2.6,2/7/17,2/7/17,,,,,,0,0,0,,PUL
RASPBERRY,LINER,NIJO,PO#3.16.17,12.6,2/7/17,2/7/17,,,,,,0,0,0,,PUL
RASPBERRY,LINER,NIJO,STOCK,30.48,2/7/17,2/7/17,,,4203,,,0,-1,-1,,PUL
RASPBERRY,LINER,NIJO,STOCK,100,2/7/17,2/7/17,,,4204,,,0,-1,-1,,PUL
RASPBERRY,LINER,NIJO,STOCK,100,2/7/17,2/7/17,,,4205,,,0,-1,-1,,PUL
RED,LINER,NIJO,PO#1.16.17P,117.9,2/7/17,2/7/17,,,,,,0,0,0,,PUL
RED,LINER,NIJO,PO# 2.22.17P,122.2,2/7/17,2/7/17,,,,,,0,0,0,,PUL
RED,LINER,NIJO,PO# 4.18.17P,204.7,2/7/17,2/7/17,,,,,,0,0,0,,PUL
RED,LINER,NIJO,PO#3.16.17,22.2,2/7/17,2/7/17,,,,,,0,0,0,,PUL
RED,LINER,NIJO,STOCK,71.1,2/7/17,2/7/17,,,21220,,,0,-1,-1,,PUL
RED,LINER,NIJO,STOCK,100,3/27/17,3/27/17,,,21221,,,0,-1,-1,,PUL
RED,LINER,NIJO,STOCK,100,5/2/17,5/2/17,,,21222,,,0,-1,-1,,PUL
RED,LINER,NIJO,STOCK,100,5/2/17,5/2/17,,,21223,,,0,-1,-1,,PUL
RED CANVAS,COTTON,NIJO,STOCK,57.3,2/7/17,2/7/17,,,170001,,,0,-1,-1,,CANVAS
RED DOTS,COTTON,NIJO,PO# 2.22.17P,12,2/7/17,2/7/17,,,,,,0,0,0,,COTTON
RED DOTS,COTTON,NIJO,PO#1.16.17P,6,2/7/17,2/7/17,,,,,,0,0,0,,COTTON
RED DOTS,COTTON,NIJO,PO#3.16.17,9.9,2/7/17,2/7/17,,,,,,0,0,0,,COTTON
RED DOTS,COTTON,NIJO,STOCK,12.1,2/7/17,2/7/17,,,63002,,,0,-1,-1,,COTTON
RED DOTS,COTTON,NIJO,STOCK,121.3,3/22/17,3/22/17,,,63003,,,0,-1,-1,,COTTON
RED NYLON,NYLON,NIJO,STOCK,54.01,2/7/17,2/7/17,,,2501,,,0,-1,-1,,NYLON
RIBBON,LINER,NIJO,PO# 4.18.17P,3.3,2/7/17,2/7/17,,,,,,0,0,0,,PUL
RIBBON,LINER,NIJO,STOCK,21.6,2/7/17,2/7/17,,,59202,,,0,-1,-1,,PUL
RIBBON,LINER,NIJO,STOCK,100,2/28/17,2/28/17,,,59203,,,0,-1,-1,,PUL
RIBBON,LINER,NIJO,STOCK,100,2/28/17,2/28/17,,,59204,,,0,-1,-1,,PUL
RIBBON,LINER,NIJO,STOCK,100,2/28/17,2/28/17,,,59205,,,0,-1,-1,,PUL
RIBBON,LINER,NIJO,STOCK,100,2/28/17,2/28/17,,,59206,,,0,-1,-1,,PUL
ROOSTER,COTTON,NIJO,STOCK,15,2/28/17,2/28/17,,,177001,,,0,-1,-1,,COTTON
ROYAL BLUE,LINER,NIJO,PO#1.16.17P,82.3,2/7/17,2/10/17,,,,,,0,0,0,,PUL
ROYAL BLUE,LINER,NIJO,PO# 2.22.17P,25.9,2/10/17,2/10/17,,,,,,0,0,0,,PUL
ROYAL BLUE,LINER,NIJO,PO# 4.18.17P,41.5,2/10/17,3/27/17,,,,,,0,0,0,,PUL
ROYAL BLUE,LINER,NIJO,PO#3.16.17,62,2/10/17,2/10/17,,,,,,0,0,0,,PUL
ROYAL BLUE,LINER,NIJO,STOCK,66.9,3/27/17,3/27/17,,,3202,,,0,-1,-1,,PUL
ROYAL BLUE,LINER,NIJO,STOCK,100,3/27/17,3/27/17,,,3203,,,0,-1,-1,,PUL
ROYAL BLUE,LINER,NIJO,STOCK,100,5/2/17,5/2/17,,,3204,,,0,-1,-1,,PUL
SAFARI SUNSET,LINER,NIJO,PO# 2.22.17P,16.8,2/7/17,2/7/17,,,,,,0,0,0,,PUL
SAFARI SUNSET,LINER,NIJO,STOCK,32.4,2/7/17,2/7/17,,,67201,,,0,-1,-1,,PUL
SAGE LINER,LINER,NIJO,PO# 4.18.17P,136.2,2/7/17,2/7/17,,,,,,0,0,0,,PUL
SAGE LINER,LINER,NIJO,STOCK,43.6,2/7/17,2/7/17,,,12207,,,0,-1,-1,,PUL
SAGE LINER,LINER,NIJO,STOCK,100,2/7/17,2/7/17,,,12208,,,0,-1,-1,,PUL
SAGE LINER,LINER,NIJO,STOCK,100,5/2/17,5/2/17,,,12209,,,0,-1,-1,,PUL
SEASPRAY,LINER,NIJO,PO#1.16.17P,37.4,2/7/17,2/7/17,,,,,,0,0,0,,PUL
SEASPRAY,LINER,NIJO,PO# 2.22.17P,107.1,2/7/17,2/7/17,,,,,,0,0,0,,PUL
SEASPRAY,LINER,NIJO,PO#3.16.17,129.1,2/7/17,3/27/17,,,,,,0,0,0,,PUL
SEASPRAY,LINER,NIJO,PO# 4.18.17P,574.9,3/27/17,5/2/17,,,,,,0,0,0,,PUL
SEASPRAY,LINER,NIJO,STOCK,92.8,5/2/17,5/2/17,,,25208,,,0,-1,-1,,PUL
SEASPRAY,LINER,NIJO,STOCK,100,5/2/17,5/2/17,,,25209,,,0,-1,-1,,PUL
SEASPRAY,LINER,NIJO,STOCK,100,5/2/17,5/2/17,,,25210,,,0,-1,-1,,PUL
SEASPRAY,LINER,NIJO,STOCK,100,5/2/17,5/2/17,,,25211,,,0,-1,-1,,PUL
SEVENBERRY FLORA,COTTON,NIJO,STOCK,59,5/25/17,5/25/17,,,69001,,,0,-1,-1,,COTTON
SEVENBERRY FLORA,COTTON,NIJO,STOCK,59,5/25/17,5/25/17,,,69002,,,0,-1,-1,,COTTON
SEVENBERRY FLORA,COTTON,NIJO,STOCK,59,5/25/17,5/25/17,,,69003,,,0,-1,-1,,COTTON
SEVENBERRY FLORA,COTTON,NIJO,STOCK,59,5/25/17,5/25/17,,,69004,,,0,-1,-1,,COTTON
SEVENBERRY FLORA,COTTON,NIJO,STOCK,59,5/25/17,5/25/17,,,69005,,,0,-1,-1,,COTTON
SEVENBERRY FLORA,COTTON,NIJO,STOCK,59,5/25/17,5/25/17,,,69006,,,0,-1,-1,,COTTON
SEVENBERRY FLORA,COTTON,NIJO,STOCK,59,5/25/17,5/25/17,,,69007,,,0,-1,-1,,COTTON
SEVENBERRY FLORA,COTTON,NIJO,STOCK,59,5/25/17,5/25/17,,,69008,,,0,-1,-1,,COTTON
SEVENBERRY FLORA,COTTON,NIJO,STOCK,59,5/25/17,5/25/17,,,69009,,,0,-1,-1,,COTTON
SEVENBERRY FLORA,COTTON,NIJO,STOCK,59,5/25/17,5/25/17,,,69010,,,0,-1,-1,,COTTON
SEVENBERRY FLORA,COTTON,NIJO,STOCK,59,5/25/17,5/25/17,,,69011,,,0,-1,-1,,COTTON
SEVENBERRY FLORA,COTTON,NIJO,STOCK,59,5/25/17,5/25/17,,,69012,,,0,-1,-1,,COTTON
SEVENBERRY FLORA,COTTON,NIJO,STOCK,59,5/25/17,5/25/17,,,69013,,,0,-1,-1,,COTTON
SEVENBERRY FLORA,COTTON,NIJO,STOCK,36.5,5/25/17,5/25/17,,,69014,,,0,-1,-1,,COTTON
SHARKS,COTTON,NIJO,STOCK,200.68,2/7/17,2/7/17,,,117001,,,0,-1,-1,,SWIM
SHARKS,COTTON,NIJO,STOCK,196.74,2/7/17,2/7/17,,,117002,,,0,-1,-1,,SWIM
SHARKS,COTTON,NIJO,STOCK,89.63,2/7/17,2/7/17,,,117003,,,0,-1,-1,,SWIM
SHARKS,COTTON,NIJO,STOCK,140,2/7/17,2/7/17,,,117004,,,0,-1,-1,,SWIM
SHARKS,COTTON,NIJO,STOCK,231,2/7/17,2/7/17,,,117005,,,0,-1,-1,,SWIM
SHARKS,COTTON,NIJO,STOCK,179,2/7/17,2/7/17,,,117006,,,0,-1,-1,,SWIM
SHARKS,COTTON,NIJO,STOCK,91.86,2/7/17,2/7/17,,,117007,,,0,-1,-1,,SWIM
SHARKS,COTTON,NIJO,STOCK,170.6,2/7/17,2/7/17,,,117008,,,0,-1,-1,,SWIM
SHARKS,COTTON,NIJO,STOCK,133.42,2/7/17,2/7/17,,,117009,,,0,-1,-1,,SWIM
SHARKS,COTTON,NIJO,STOCK,191.38,2/7/17,2/7/17,,,117010,,,0,-1,-1,,SWIM
SHARKS,COTTON,NIJO,STOCK,131.23,2/7/17,2/7/17,,,117011,,,0,-1,-1,,SWIM
SHARKS,COTTON,NIJO,STOCK,90,2/7/17,2/7/17,,,117012,,,0,-1,-1,,SWIM
SILVER INSULATION,INSULATION,NIJO,STOCK,40.3,2/6/17,2/6/17,,,9601,,,0,-1,-1,,INSLULATION
SILVER INSULATION,INSULATION,NIJO,STOCK,41.6,2/6/17,2/6/17,,,9602,,,0,-1,-1,,INSLULATION
SILVER INSULATION,INSULATION,NIJO,STOCK,41.6,2/6/17,2/6/17,,,9603,,,0,-1,-1,,INSLULATION
SILVER INSULATION,INSULATION,NIJO,STOCK,41.6,2/6/17,2/6/17,,,9604,,,0,-1,-1,,INSLULATION
SILVER INSULATION,INSULATION,NIJO,STOCK,41.6,2/6/17,2/6/17,,,9605,,,0,-1,-1,,INSLULATION
SILVER INSULATION,INSULATION,NIJO,STOCK,41.6,2/6/17,2/6/17,,,9606,,,0,-1,-1,,INSLULATION
SILVER INSULATION,INSULATION,NIJO,STOCK,41.6,2/6/17,2/6/17,,,9607,,,0,-1,-1,,INSLULATION
SILVER INSULATION,INSULATION,NIJO,STOCK,41.6,2/6/17,2/6/17,,,9608,,,0,-1,-1,,INSLULATION
SILVER INSULATION,INSULATION,NIJO,STOCK,41.6,2/6/17,2/6/17,,,9609,,,0,-1,-1,,INSLULATION
SILVER INSULATION,INSULATION,NIJO,STOCK,41.6,2/6/17,2/6/17,,,9610,,,0,-1,-1,,INSLULATION
SLATE,LINER,NIJO,PO#1.16.17P,129.8,2/7/17,2/7/17,,,,,,0,0,0,,PUL
SLATE,LINER,NIJO,PO# 2.22.17P,55.5,2/7/17,2/7/17,,,,,,0,0,0,,PUL
SLATE,LINER,NIJO,PO# 4.6.17P,29.8,2/7/17,2/7/17,,,,,,0,0,0,,PUL
SLATE,LINER,NIJO,PO#3.16.17,41.8,2/7/17,2/7/17,,,,,,0,0,0,,PUL
SLATE,LINER,NIJO,PO# 4.18.17P,182.1,2/7/17,2/7/17,,,,,,0,0,0,,PUL
SLATE,LINER,NIJO,STOCK,12,2/7/17,2/7/17,,,10211,,,0,-1,-1,,PUL
SLATE,LINER,NIJO,STOCK,100,5/2/17,5/2/17,,,10212,,,0,-1,-1,,PUL
SLATE,LINER,NIJO,STOCK,100,5/2/17,5/2/17,,,10213,,,0,-1,-1,,PUL
SLATE,LINER,NIJO,STOCK,100,5/2/17,5/2/17,,,10214,,,0,-1,-1,,PUL
SLY,COTTON,NIJO,PO# 2.22.17P,104.6,2/7/17,2/7/17,,,,,,0,0,0,,COTTON
SLY,COTTON,NIJO,PO#3.16.17,65.9,2/7/17,2/7/17,,,,,,0,0,0,,COTTON
SLY,COTTON,NIJO,PO# 4.18.17P,299.9,2/7/17,2/7/17,,,,,,0,0,0,,COTTON
SLY,COTTON,NIJO,STOCK,23.7,2/7/17,2/7/17,,,82006,,,0,-1,-1,,COTTON
SLY,COTTON,NIJO,STOCK,110,2/7/17,2/7/17,,,82007,,,0,-1,-1,,COTTON
SLY,COTTON,NIJO,STOCK,77,2/7/17,2/7/17,,,82008,,,0,-1,-1,,COTTON
SLY,COTTON,NIJO,STOCK,59,2/7/17,2/7/17,,,82009,,,0,-1,-1,,COTTON
SLY,COTTON,NIJO,STOCK,91,2/7/17,2/7/17,,,82010,,,0,-1,-1,,COTTON
SLY,COTTON,NIJO,STOCK,18,2/7/17,2/7/17,,,82011,,,0,-1,-1,,COTTON
SORCERER'S BUM,LINER,NIJO,PO# 4.6.17P,70.9,4/10/17,4/10/17,,,,,,0,0,0,,PUL
SORCERER'S BUM,LINER,NIJO,STOCK,8.93,4/10/17,4/10/17,,,72204,,,0,-1,-1,,PUL
SUMMIT,LINER,NIJO,STOCK,117.79,5/18/17,5/18/17,,,76201,,,0,-1,-1,,PUL
SUMMIT,LINER,NIJO,STOCK,116,5/18/17,5/18/17,,,76202,,,0,-1,-1,,PUL
SUMMIT,LINER,NIJO,STOCK,116.25,5/18/17,5/18/17,,,76203,,,0,-1,-1,,PUL
SUPERHERO,COTTON,NIJO,PO# 2.22.17P,7.5,2/7/17,2/7/17,,,,,,0,0,0,,COTTON
SUPERHERO,COTTON,NIJO,PO# 4.18.17P,4,2/7/17,2/7/17,,,,,,0,0,0,,COTTON
SUPERHERO,COTTON,NIJO,PO#1.16.17P,1.3,2/7/17,2/7/17,,,,,,0,0,0,,COTTON
SUPERHERO,COTTON,NIJO,PO#3.16.17,4,2/7/17,2/7/17,,,,,,0,0,0,,COTTON
SUPERHERO,COTTON,NIJO,STOCK,37.9,2/7/17,2/7/17,,,142005,,,0,-1,-1,,COTTON
SUPERHERO,COTTON,NIJO,STOCK,120,3/22/17,3/22/17,,,142006,,,0,-1,-1,,COTTON
SUPERHERO SLICKER,SLICKER,NIJO,STOCK,14.57,2/7/17,2/7/17,,,2601,,,0,-1,-1,,SLICKER
TANGERINE,LINER,NIJO,PO#1.16.17P,298.3,2/7/17,2/7/17,,,,,,0,0,0,,PUL
TANGERINE,LINER,NIJO,PO# 2.22.17P,53.8,2/7/17,2/7/17,,,,,,0,0,0,,PUL
TANGERINE,LINER,NIJO,PO# 4.18.17P,441.9,2/7/17,3/27/17,,,,,,0,0,0,,PUL
TANGERINE,LINER,NIJO,PO#3.16.17,29.8,2/7/17,2/7/17,,,,,,0,0,0,,PUL
TANGERINE,LINER,NIJO,STOCK,82.8,3/27/17,3/27/17,,,37227,,,0,-1,-1,,PUL
TANGERINE,LINER,NIJO,STOCK,100,5/2/17,5/2/17,,,37228,,,0,-1,-1,,PUL
TANGERINE,LINER,NIJO,STOCK,100,5/2/17,5/2/17,,,37229,,,0,-1,-1,,PUL
TANGERINE,LINER,NIJO,STOCK,100,5/2/17,5/2/17,,,37230,,,0,-1,-1,,PUL
TANGERINE,LINER,NIJO,STOCK,100,5/2/17,5/2/17,,,37231,,,0,-1,-1,,PUL
TANGERINE,LINER,NIJO,STOCK,100,5/2/17,5/2/17,,,37232,,,0,-1,-1,,PUL
TEAL,LINER,NIJO,PO# 2.22.17P,6.9,2/7/17,2/7/17,,,,,,0,0,0,,PUL
TEAL,LINER,NIJO,PO#1.16.17P,6.9,2/7/17,2/7/17,,,,,,0,0,0,,PUL
TEAL,LINER,NIJO,PO#3.16.17,130.6,2/7/17,2/7/17,,,,,,0,0,0,,PUL
TEAL,LINER,NIJO,STOCK,67,2/7/17,2/7/17,,,41211,,,0,-1,-1,,PUL
TEAL,LINER,NIJO,STOCK,79,2/7/17,2/7/17,,,41212,,,0,-1,-1,,PUL
TEAL,LINER,NIJO,STOCK,100,2/7/17,2/7/17,,,41213,,,0,-1,-1,,PUL
TEAL CHEVRON,COTTON,NIJO,PO# 2.22.17P,22.1,2/7/17,2/7/17,,,,,,0,0,0,,COTTON
TEAL CHEVRON,COTTON,NIJO,PO#3.16.17,78.1,2/7/17,2/7/17,,,,,,0,0,0,,COTTON
TEAL CHEVRON,COTTON,NIJO,PO# 4.18.17P,240.93,2/7/17,2/7/17,,,,,,0,0,0,,COTTON
TEAL CHEVRON,COTTON,NIJO,STOCK,27.02,2/7/17,2/7/17,,,135019,,,10,-1,-1,,COTTON
TEAL CHEVRON,COTTON,NIJO,STOCK,46,2/7/17,2/7/17,,,135020,,,10,-1,-1,,COTTON
TEAL CHEVRON,COTTON,NIJO,STOCK,75,2/7/17,2/7/17,,,135021,,,10,-1,-1,,COTTON
TEAL CHEVRON,COTTON,NIJO,STOCK,120,2/7/17,2/7/17,,,135022,,,10,-1,-1,,COTTON
TEAL CHEVRON,COTTON,NIJO,STOCK,120,2/7/17,2/7/17,,,135023,,,10,-1,-1,,COTTON
TEAL CHEVRON,COTTON,NIJO,STOCK,120,2/7/17,2/7/17,,,135024,,,10,-1,-1,,COTTON
TEAL CHEVRON,COTTON,NIJO,STOCK,135,2/7/17,2/7/17,,,135025,,,10,-1,-1,,COTTON
TEAL CHEVRON,COTTON,NIJO,STOCK,121,2/7/17,2/7/17,,,135026,,,10,-1,-1,,COTTON
TEAL CHEVRON,COTTON,NIJO,STOCK,80,2/7/17,2/7/17,,,135027,,,10,-1,-1,,COTTON
TEAL CHEVRON,COTTON,NIJO,STOCK,63,2/7/17,2/7/17,,,135028,,,10,-1,-1,,COTTON
TEAL CHEVRON SLICKER,SLICKER,NIJO,STOCK,3.95,2/7/17,2/7/17,,,7601,,,11,-1,-1,,SLICKER
TEAL LANDSCAPES,COTTON,NIJO,PO# 2.22.17P,6.9,2/7/17,2/7/17,,,,,,0,0,0,,COTTON
TEAL LANDSCAPES,COTTON,NIJO,PO#1.16.17P,15.6,2/7/17,2/7/17,,,,,,0,0,0,,COTTON
TEAL LANDSCAPES,COTTON,NIJO,PO# 4.18.17P,10,2/7/17,2/7/17,,,,,,0,0,0,,COTTON
TEAL LANDSCAPES,COTTON,NIJO,STOCK,43.3,2/7/17,2/7/17,,,171002,,,13,-1,-1,,COTTON
THINK PEACE,COTTON,NIJO,PO#1.16.17P,1.3,2/7/17,2/7/17,,,,,,0,0,0,,COTTON
THINK PEACE,COTTON,NIJO,STOCK,85.4,2/7/17,2/7/17,,,73005,,,19,-1,-1,,COTTON
THINK PEACE,COTTON,NIJO,STOCK,168,2/7/17,2/7/17,,,73006,,,19,-1,-1,,COTTON
THINK PEACE,COTTON,NIJO,STOCK,101,2/7/17,2/7/17,,,73007,,,19,-1,-1,,COTTON
THINK PEACE,COTTON,NIJO,STOCK,170,2/7/17,2/7/17,,,73008,,,19,-1,-1,,COTTON
THINK PEACE,COTTON,NIJO,STOCK,99,2/7/17,2/7/17,,,73009,,,19,-1,-1,,COTTON
THINK PEACE,COTTON,NIJO,STOCK,160,2/7/17,2/7/17,,,73010,,,19,-1,-1,,COTTON
THIS LITTLE PIGGY,LINER,NIJO,PO# 4.6.17P,223,4/10/17,4/10/17,,,,,,0,0,0,,PUL
THIS LITTLE PIGGY,LINER,NIJO,STOCK,23.5,4/10/17,4/10/17,,,73203,,,0,-1,-1,,PUL
THIS LITTLE PIGGY,LINER,NIJO,STOCK,109.36,4/10/17,4/10/17,,,73204,,,0,-1,-1,,PUL
TIE DYE,LINER,NIJO,PO# 2.22.17P,3.3,2/7/17,2/7/17,,,,,,0,0,0,,PUL
TIE DYE,LINER,NIJO,PO# 4.18.17P,139.1,2/7/17,2/7/17,,,,,,0,0,0,,PUL
TIE DYE,LINER,NIJO,PO#1.16.17P,7.4,2/7/17,2/7/17,,,,,,0,0,0,,PUL
TIE DYE,LINER,NIJO,PO#3.16.17,40.7,2/7/17,2/7/17,,,,,,0,0,0,,PUL
TIE DYE,LINER,NIJO,STOCK,100,2/7/17,2/7/17,,,42227,,,27,-1,-1,,PUL
TIE DYE,LINER,NIJO,STOCK,100,2/7/17,2/7/17,,,42228,,,27,-1,-1,,PUL
TIE DYE,LINER,NIJO,STOCK,100,2/7/17,2/7/17,,,42229,,,27,-1,-1,,PUL
TIE DYE,LINER,NIJO,STOCK,100,2/7/17,2/7/17,,,42230,,,27,-1,-1,,PUL
TIE DYE,LINER,NIJO,STOCK,100,2/7/17,2/7/17,,,42231,,,27,-1,-1,,PUL
TIE DYE,LINER,NIJO,STOCK,100,2/7/17,2/7/17,,,42232,,,27,-1,-1,,PUL
TREADS,COTTON,NIJO,PO# 4.18.17P,59.8,5/11/17,5/11/17,,,,,,0,0,0,,COTTON
TREADS,COTTON,NIJO,STOCK,0.2,5/11/17,5/11/17,,,75004,,,0,-1,-1,,COTTON
TREE FRIENDS,LINER,NIJO,PO# 2.22.17P,16.7,2/7/17,2/7/17,,,,,,0,0,0,,PUL
TREE FRIENDS,LINER,NIJO,STOCK,31.3,2/7/17,2/7/17,,,66201,,,28,-1,-1,,PUL
TREES,COTTON,NIJO,STOCK,30,3/22/17,3/22/17,,,180001,,,0,-1,-1,,COTTON
TURTLES,COTTON,NIJO,PO# 4.18.17P,50.3,2/7/17,2/7/17,,,,,,0,0,0,,SWIM
TURTLES,COTTON,NIJO,STOCK,3.58,2/7/17,2/7/17,,,119001,,,39,-1,-1,,SWIM
TURTLES,COTTON,NIJO,STOCK,166.14,2/7/17,2/7/17,,,119002,,,39,-1,-1,,SWIM
TURTLES,COTTON,NIJO,STOCK,189.09,2/7/17,2/7/17,,,119003,,,39,-1,-1,,SWIM
TURTLES,COTTON,NIJO,STOCK,161,2/7/17,2/7/17,,,119004,,,39,-1,-1,,SWIM
TURTLES,COTTON,NIJO,STOCK,194,2/7/17,2/7/17,,,119005,,,39,-1,-1,,SWIM
TURTLES,COTTON,NIJO,STOCK,145,2/7/17,2/7/17,,,119006,,,39,-1,-1,,SWIM
TURTLES,COTTON,NIJO,STOCK,109.36,2/7/17,2/7/17,,,119007,,,39,-1,-1,,SWIM
TURTLES,COTTON,NIJO,STOCK,152.01,2/7/17,2/7/17,,,119008,,,39,-1,-1,,SWIM
TURTLES,COTTON,NIJO,STOCK,135.61,2/7/17,2/7/17,,,119009,,,39,-1,-1,,SWIM
TURTLES,COTTON,NIJO,STOCK,124.67,2/7/17,2/7/17,,,119010,,,39,-1,-1,,SWIM
TURTLES,COTTON,NIJO,STOCK,220.91,2/7/17,2/7/17,,,119011,,,39,-1,-1,,SWIM
VEGGIES,COTTON,NIJO,PO#1.16.17P,21,2/7/17,2/7/17,,,,,,0,0,0,,COTTON
VEGGIES,COTTON,NIJO,PO#3.16.17,2.4,2/7/17,2/7/17,,,,,,0,0,0,,COTTON
VEGGIES,COTTON,NIJO,PO# 2.22.17P,2,2/7/17,2/7/17,,,,,,0,0,0,,COTTON
VEGGIES,COTTON,NIJO,PO# 4.18.17P,22.2,2/7/17,2/7/17,,,,,,0,0,0,,COTTON
VEGGIES,COTTON,NIJO,STOCK,1.5,2/7/17,2/7/17,,,179008,,,43,-1,-1,,COTTON
WHALE LAMINANT,LAMINATED COTTON,NIJO,STOCK,19.5,2/7/17,2/7/17,,,185001,,,44,-1,-1,,LAMINATED COTTON
WHALE SLICKER,SLICKER,NIJO,STOCK,3.02,2/7/17,2/7/17,,,5601,,,45,-1,-1,,SLICKER
WHALES,COTTON,NIJO,STOCK,135.33,2/7/17,2/7/17,,,120001,,,57,-1,-1,,SWIM
WHALES,COTTON,NIJO,STOCK,94,2/7/17,2/7/17,,,120002,,,57,-1,-1,,SWIM
WHALES,COTTON,NIJO,STOCK,193.46,2/7/17,2/7/17,,,120003,,,57,-1,-1,,SWIM
WHALES,COTTON,NIJO,STOCK,107,2/7/17,2/7/17,,,120004,,,57,-1,-1,,SWIM
WHALES,COTTON,NIJO,STOCK,126,2/7/17,2/7/17,,,120005,,,57,-1,-1,,SWIM
WHALES,COTTON,NIJO,STOCK,169,2/7/17,2/7/17,,,120006,,,57,-1,-1,,SWIM
WHALES,COTTON,NIJO,STOCK,162,2/7/17,2/7/17,,,120007,,,57,-1,-1,,SWIM
WHALES,COTTON,NIJO,STOCK,184.82,2/7/17,2/7/17,,,120008,,,57,-1,-1,,SWIM
WHALES,COTTON,NIJO,STOCK,220.91,2/7/17,2/7/17,,,120009,,,57,-1,-1,,SWIM
WHALES,COTTON,NIJO,STOCK,126.86,2/7/17,2/7/17,,,120010,,,57,-1,-1,,SWIM
WHALES,COTTON,NIJO,STOCK,52.49,2/7/17,2/7/17,,,120011,,,57,-1,-1,,SWIM
WHALES,COTTON,NIJO,STOCK,76.55,2/7/17,2/7/17,,,120012,,,57,-1,-1,,SWIM
WHITE FLEECE,FLEECE,NIJO,PO# 2.22.17P,23.2,2/7/17,2/7/17,,,,,,0,0,0,,FLEECE
WHITE FLEECE,FLEECE,NIJO,PO#1.16.17P,25.8,2/7/17,2/7/17,,,,,,0,0,0,,FLEECE
WHITE FLEECE,FLEECE,NIJO,PO#3.16.17,58.4,2/7/17,2/7/17,,,,,,0,0,0,,FLEECE
WHITE FLEECE,FLEECE,NIJO,PO# 4.18.17P,79.4,2/7/17,4/21/17,,,,,,0,0,0,,FLEECE
WHITE FLEECE,FLEECE,NIJO,PO# 4.6.17P,20.2,2/7/17,2/7/17,,,,,,0,0,0,,FLEECE
WHITE FLEECE,FLEECE,NIJO,STOCK,58.6,4/21/17,4/21/17,,,1916,,,0,-1,-1,,FLEECE
WHITE FLEECE,FLEECE,NIJO,STOCK,65,4/21/17,4/21/17,,,1917,,,0,-1,-1,,FLEECE
WHITE FLEECE,FLEECE,NIJO,STOCK,65,4/21/17,4/21/17,,,1918,,,0,-1,-1,,FLEECE
WHITE FLEECE,FLEECE,NIJO,STOCK,68,4/21/17,4/21/17,,,1919,,,0,-1,-1,,FLEECE
WHITE LINER,LINER,NIJO,PO#1.16.17P,214,2/7/17,2/7/17,,,,,,0,0,0,,PUL
WHITE LINER,LINER,NIJO,PO# 2.22.17P,37.6,2/7/17,2/7/17,,,,,,0,0,0,,PUL
WHITE LINER,LINER,NIJO,PO#3.16.17,89.1,2/7/17,2/7/17,,,,,,0,0,0,,PUL
WHITE LINER,LINER,NIJO,PO# 4.6.17P,19.3,2/7/17,2/7/17,,,,,,0,0,0,,PUL
WHITE LINER,LINER,NIJO,PO# 4.18.17P,454.5,2/7/17,2/7/17,,,,,,0,0,0,,PUL
WHITE LINER,LINER,NIJO,STOCK,36.4,2/7/17,2/7/17,,,1241,,,0,-1,-1,,PUL
WHITE LINER,LINER,NIJO,STOCK,100,5/2/17,5/2/17,,,1242,,,0,-1,-1,,PUL
WHITE LINER,LINER,NIJO,STOCK,100,5/2/17,5/2/17,,,1243,,,0,-1,-1,,PUL
WHITE LINER,LINER,NIJO,STOCK,100,5/2/17,5/2/17,,,1244,,,0,-1,-1,,PUL
WHITE LINER,LINER,NIJO,STOCK,100,5/2/17,5/2/17,,,1245,,,0,-1,-1,,PUL
WHITE LINER,LINER,NIJO,STOCK,100,5/2/17,5/2/17,,,1246,,,0,-1,-1,,PUL
WHITE LINER,LINER,NIJO,STOCK,100,5/2/17,5/2/17,,,1247,,,0,-1,-1,,PUL
WHITE LINER,LINER,NIJO,STOCK,100,5/2/17,5/2/17,,,1248,,,0,-1,-1,,PUL
WHITE LINER,LINER,NIJO,STOCK,100,5/2/17,5/2/17,,,1249,,,0,-1,-1,,PUL
YELLOW,LINER,NIJO,PO#1.16.17P,268.1,2/7/17,2/7/17,,,,,,0,0,0,,PUL
YELLOW,LINER,NIJO,PO# 2.22.17P,110,2/7/17,2/7/17,,,,,,0,0,0,,PUL